Region,Category,Recommended_selling_price,Brand_Strength_Score,Target_margin,Base_Cost,Actual_Is_Premium,Premium_Probability,Premium_Segment
France,Home Care,9.042000000000002,3,0.29,8.22,0,8.024217092590475e-16,Standard / Value
France,Personal Care,0.8800000000000001,8,0.29,0.55,1,0.980697399641629,Strong Premium
UK,Personal Care,3.427,3,0.32,2.98,0,8.248669927223735e-16,Standard / Value
UK,Food & Refreshment,7.616000000000001,1,0.32,6.8,0,1.563398169936383e-22,Standard / Value
UK,Food & Refreshment,19.1744,7,0.32,14.98,0,0.02030042531591194,Standard / Value
France,Food & Refreshment,13.1712,3,0.29,11.76,0,7.877051858521097e-16,Standard / Value
UK,Personal Care,16.261,2,0.32,14.14,0,3.42153503792227e-19,Standard / Value
UK,Food & Refreshment,2.0224,6,0.32,1.58,0,9.772781729437866e-06,Standard / Value
Germany,Home Care,13.59,9,0.31,9.06,1,0.9999909525142839,Strong Premium
Spain,Home Care,3.685,2,0.3,3.35,0,3.619673728718968e-19,Standard / Value
UK,Food & Refreshment,10.1024,2,0.32,9.02,0,3.514373938243984e-19,Standard / Value
UK,Home Care,13.541,3,0.32,12.31,0,7.855909709533282e-16,Standard / Value
France,Food & Refreshment,11.0976,7,0.29,8.67,0,0.02096325801132979,Standard / Value
UK,Home Care,2.475,4,0.32,1.98,0,1.88570857091119e-12,Standard / Value
France,Personal Care,16.744,4,0.29,12.88,0,1.780902151532198e-12,Standard / Value
France,Food & Refreshment,4.236800000000001,4,0.29,3.31,0,1.87228740333231e-12,Standard / Value
Germany,Personal Care,9.696,9,0.31,6.06,1,0.9999910933315734,Strong Premium
France,Food & Refreshment,19.995,9,0.29,12.9,1,0.9999907678559329,Strong Premium
France,Food & Refreshment,9.92,7,0.29,7.75,0,0.02106221792402253,Standard / Value
France,Personal Care,6.896,10,0.29,4.31,1,0.9999999961186765,Strong Premium
UK,Food & Refreshment,16.0425,10,0.32,10.35,1,0.9999999959948915,Strong Premium
Spain,Home Care,8.370000000000001,9,0.3,5.58,1,0.9999911151004539,Strong Premium
UK,Home Care,14.5125,5,0.32,11.61,0,4.07779715149074e-09,Standard / Value
Spain,Personal Care,18.538,6,0.3,14.26,0,9.144690694916426e-06,Standard / Value
Germany,Home Care,16.8625,4,0.31,13.49,0,1.775453599737353e-12,Standard / Value
UK,Food & Refreshment,12.2295,8,0.32,7.89,1,0.9799609939066015,Strong Premium
UK,Food & Refreshment,17.1776,5,0.32,13.42,0,4.039385477959026e-09,Standard / Value
Germany,Food & Refreshment,1.8048,4,0.31,1.41,0,1.891218588629605e-12,Standard / Value
France,Home Care,15.0625,6,0.29,12.05,0,9.250397473531898e-06,Standard / Value
Germany,Personal Care,7.735,7,0.31,5.95,0,0.02125977060823982,Standard / Value
France,Personal Care,17.225,5,0.29,13.25,0,4.042216601188985e-09,Standard / Value
Spain,Food & Refreshment,7.1552,6,0.3,5.59,0,9.56880024778771e-06,Standard / Value
France,Home Care,14.619,1,0.29,13.29,0,1.510948722866588e-22,Standard / Value
UK,Food & Refreshment,9.100800000000001,6,0.32,7.11,0,9.494241524282745e-06,Standard / Value
Spain,Personal Care,4.704,8,0.3,2.94,1,0.9804606044974901,Strong Premium
Spain,Food & Refreshment,11.1755,8,0.3,7.21,1,0.980028242468688,Strong Premium
Germany,Home Care,8.0,4,0.31,6.4,0,1.842510477490227e-12,Standard / Value
Germany,Personal Care,1.136,10,0.31,0.71,1,0.9999999961915338,Strong Premium
UK,Personal Care,4.2435,2,0.32,3.69,0,3.613697833489331e-19,Standard / Value
Germany,Home Care,7.106000000000001,2,0.31,6.46,0,3.561510276418939e-19,Standard / Value
UK,Home Care,8.8,3,0.32,8.0,0,8.034965882181352e-16,Standard / Value
Germany,Personal Care,1.472,2,0.31,1.28,0,3.659295093801898e-19,Standard / Value
Spain,Home Care,11.76,8,0.3,7.84,1,0.9799636629341146,Strong Premium
France,Home Care,8.305,2,0.29,7.55,0,3.540824597590167e-19,Standard / Value
Spain,Home Care,2.706,1,0.3,2.46,0,1.59908211581091e-22,Standard / Value
Germany,Food & Refreshment,15.872,7,0.31,12.4,0,0.02056921037229232,Standard / Value
Spain,Personal Care,10.0,8,0.3,6.25,1,0.9801262574688075,Strong Premium
Spain,Home Care,7.876000000000001,1,0.3,7.16,0,1.56026211606336e-22,Standard / Value
UK,Food & Refreshment,15.3605,9,0.32,9.91,1,0.9999909127831451,Strong Premium
Spain,Home Care,15.807,2,0.3,14.37,0,3.416993655571079e-19,Standard / Value
UK,Home Care,6.347,1,0.32,5.77,0,1.571841026972868e-22,Standard / Value
Germany,Personal Care,11.84,10,0.31,7.4,1,0.9999999960559502,Strong Premium
Spain,Personal Care,2.3805,1,0.3,2.07,0,1.602346421702386e-22,Standard / Value
France,Food & Refreshment,12.04,2,0.29,10.75,0,3.482070440007813e-19,Standard / Value
Spain,Personal Care,6.266000000000001,4,0.3,4.82,0,1.857679215589718e-12,Standard / Value
UK,Food & Refreshment,2.0352,6,0.32,1.59,0,9.772270736172202e-06,Standard / Value
UK,Food & Refreshment,11.1488,7,0.32,8.71,0,0.02096282960832758,Standard / Value
Germany,Home Care,15.24,9,0.31,10.16,1,0.9999909003253045,Strong Premium
France,Personal Care,2.717,7,0.29,2.09,0,0.02168116854473042,Standard / Value
France,Food & Refreshment,10.4048,1,0.29,9.29,0,1.542884096216276e-22,Standard / Value
Spain,Personal Care,5.404999999999999,1,0.3,4.7,0,1.580461654265144e-22,Standard / Value
UK,Home Care,14.8375,7,0.32,11.87,0,0.02062638397901818,Standard / Value
France,Food & Refreshment,8.844800000000001,4,0.29,6.91,0,1.837372857676501e-12,Standard / Value
Germany,Home Care,5.544,2,0.31,5.04,0,3.588053181543821e-19,Standard / Value
Spain,Personal Care,0.962,7,0.3,0.74,0,0.0218327456968848,Standard / Value
Spain,Home Care,10.35,10,0.3,6.9,1,0.9999999960660013,Strong Premium
Germany,Home Care,15.048,3,0.31,13.68,0,7.799344461163086e-16,Standard / Value
France,Food & Refreshment,2.4832,5,0.29,1.94,0,4.28848004771357e-09,Standard / Value
Germany,Home Care,9.427000000000001,3,0.31,8.57,0,8.010550645921418e-16,Standard / Value
Germany,Home Care,20.445,8,0.31,13.63,1,0.9793617571587365,Strong Premium
UK,Food & Refreshment,8.5248,7,0.32,6.66,0,0.02118395935327604,Standard / Value
Germany,Food & Refreshment,2.4832,4,0.31,1.94,0,1.885984651210661e-12,Standard / Value
France,Home Care,9.8,6,0.29,7.84,0,9.4562897049563e-06,Standard / Value
France,Food & Refreshment,12.864,7,0.29,10.05,0,0.02081567073373681,Standard / Value
Germany,Food & Refreshment,10.2912,7,0.31,8.04,0,0.02103355929682349,Standard / Value
France,Personal Care,3.082,3,0.29,2.68,0,8.260064209920232e-16,Standard / Value
France,Food & Refreshment,17.3696,4,0.29,13.57,0,1.774488305910111e-12,Standard / Value
France,Home Care,3.8875,5,0.29,3.11,0,4.262323884780133e-09,Standard / Value
UK,Personal Care,1.127,1,0.32,0.98,0,1.611707411646459e-22,Standard / Value
UK,Home Care,1.7375,6,0.32,1.39,0,9.78249567981153e-06,Standard / Value
France,Food & Refreshment,5.239,8,0.29,3.38,1,0.9804152742486132,Strong Premium
Germany,Food & Refreshment,12.586,10,0.31,8.12,1,0.9999999960410735,Strong Premium
Germany,Personal Care,12.103,5,0.31,9.31,0,4.12687598069875e-09,Standard / Value
Germany,Personal Care,21.6,10,0.31,13.5,1,0.9999999959281212,Strong Premium
Germany,Personal Care,1.014,6,0.31,0.78,0,9.81313198510309e-06,Standard / Value
Spain,Home Care,10.4875,4,0.3,8.39,0,1.823323082699051e-12,Standard / Value
France,Food & Refreshment,2.2528,6,0.29,1.76,0,9.761749806908083e-06,Standard / Value
UK,Home Care,15.301,3,0.32,13.91,0,7.790459115386314e-16,Standard / Value
France,Food & Refreshment,20.429,10,0.29,13.18,1,0.9999999959344184,Strong Premium
UK,Food & Refreshment,15.168,6,0.32,11.85,0,9.261820041282115e-06,Standard / Value
UK,Personal Care,2.208,8,0.32,1.38,1,0.9806186503786007,Strong Premium
UK,Home Care,18.15,5,0.32,14.52,0,4.01621835166597e-09,Standard / Value
France,Personal Care,4.272,9,0.29,2.67,1,0.9999912487208974,Strong Premium
France,Home Care,20.505,8,0.29,13.67,1,0.9793549914321472,Strong Premium
Spain,Food & Refreshment,13.7485,10,0.3,8.87,1,0.9999999960252679,Strong Premium
UK,Personal Care,3.536,9,0.32,2.21,1,0.9999912713885197,Strong Premium
UK,Food & Refreshment,0.8736000000000002,1,0.32,0.78,0,1.613393793359119e-22,Standard / Value
UK,Food & Refreshment,5.275200000000001,1,0.32,4.71,0,1.580577400442646e-22,Standard / Value
Spain,Personal Care,22.544,8,0.3,14.09,1,0.9793118127592823,Strong Premium
Spain,Personal Care,9.4645,3,0.3,8.23,0,8.024301121526988e-16,Standard / Value
Spain,Food & Refreshment,11.8528,7,0.3,9.26,0,0.02090131853535968,Standard / Value
Spain,Food & Refreshment,15.6288,7,0.3,12.21,0,0.02058796943859718,Standard / Value
UK,Personal Care,1.633,2,0.32,1.42,0,3.656846788555448e-19,Standard / Value
Spain,Food & Refreshment,2.666,8,0.3,1.72,1,0.9805824426021217,Strong Premium
Germany,Personal Care,11.375,6,0.31,8.75,0,9.412582328267188e-06,Standard / Value
UK,Personal Care,2.665,4,0.32,2.05,0,1.885018480946003e-12,Standard / Value
Spain,Personal Care,9.878499999999999,3,0.3,8.59,0,8.009210275160726e-16,Standard / Value
France,Personal Care,16.159,7,0.29,12.43,0,0.02056352207872765,Standard / Value
France,Food & Refreshment,17.4336,4,0.29,13.62,0,1.774024433063877e-12,Standard / Value
France,Home Care,6.324999999999999,5,0.29,5.06,0,4.219084312144356e-09,Standard / Value
France,Personal Care,20.736,10,0.29,12.96,1,0.9999999959390926,Strong Premium
Spain,Home Care,8.1625,4,0.3,6.53,0,1.84114288139058e-12,Standard / Value
France,Personal Care,11.7875,1,0.29,10.25,0,1.535158579468805e-22,Standard / Value
France,Food & Refreshment,4.0576,5,0.29,3.17,0,4.260986851715954e-09,Standard / Value
Spain,Food & Refreshment,6.630400000000001,3,0.3,5.92,0,8.121812949198021e-16,Standard / Value
Spain,Food & Refreshment,9.475200000000003,2,0.3,8.46,0,3.524237408283027e-19,Standard / Value
UK,Personal Care,3.744,4,0.32,2.88,0,1.876855210200859e-12,Standard / Value
Germany,Personal Care,0.6890000000000001,4,0.31,0.53,0,1.899940999747513e-12,Standard / Value
France,Personal Care,10.16,10,0.29,6.35,1,0.9999999960770527,Strong Premium
UK,Personal Care,15.782,5,0.32,12.14,0,4.0665118695357e-09,Standard / Value
Germany,Personal Care,13.792,8,0.31,8.62,1,0.9798846609712724,Strong Premium
Germany,Food & Refreshment,3.6624,1,0.31,3.27,0,1.592423575904833e-22,Standard / Value
Spain,Home Care,8.675,4,0.3,6.94,0,1.837199956758096e-12,Standard / Value
Germany,Food & Refreshment,2.304,4,0.31,1.8,0,1.887365791321035e-12,Standard / Value
France,Personal Care,19.744,10,0.29,12.34,1,0.9999999959522365,Strong Premium
UK,Personal Care,11.778,5,0.32,9.06,0,4.132533645955841e-09,Standard / Value
Spain,Food & Refreshment,18.8288,6,0.3,14.71,0,9.123198572905305e-06,Standard / Value
Spain,Home Care,10.527,3,0.3,9.57,0,7.968273268400437e-16,Standard / Value
France,Home Care,13.89,8,0.29,9.26,1,0.9798161105301756,Strong Premium
UK,Food & Refreshment,3.3945,10,0.32,2.19,1,0.9999999961621873,Strong Premium
France,Home Care,3.784,1,0.29,3.44,0,1.590808977068991e-22,Standard / Value
Spain,Home Care,4.32,9,0.3,2.88,1,0.9999912396559675,Strong Premium
Spain,Food & Refreshment,11.1552,1,0.3,9.96,0,1.537584740198347e-22,Standard / Value
UK,Personal Care,9.613999999999999,3,0.32,8.36,0,8.019854979206778e-16,Standard / Value
France,Home Care,11.67,8,0.29,7.78,1,0.9799685901950423,Strong Premium
Spain,Personal Care,6.669999999999999,1,0.3,5.8,0,1.571397217337167e-22,Standard / Value
UK,Food & Refreshment,1.2432,2,0.32,1.11,0,3.662779224683535e-19,Standard / Value
UK,Food & Refreshment,8.2432,6,0.32,6.44,0,9.52756148557131e-06,Standard / Value
Germany,Personal Care,14.391,5,0.31,11.07,0,4.089070931665829e-09,Standard / Value
Germany,Personal Care,3.471,5,0.31,2.67,0,4.27267790425529e-09,Standard / Value
Spain,Food & Refreshment,12.679,9,0.3,8.18,1,0.9999909934846423,Strong Premium
France,Home Care,11.655,8,0.29,7.77,1,0.9799696166156159,Strong Premium
UK,Personal Care,12.7075,2,0.32,11.05,0,3.477267124445796e-19,Standard / Value
UK,Personal Care,17.472,10,0.32,10.92,1,0.9999999959829367,Strong Premium
France,Home Care,5.88,8,0.29,3.92,1,0.9803609838369222,Strong Premium
France,Personal Care,4.2435,1,0.29,3.69,0,1.588730779717656e-22,Standard / Value
UK,Home Care,8.55,7,0.32,6.84,0,0.02116445203435363,Standard / Value
Germany,Personal Care,16.736,10,0.31,10.46,1,0.9999999959923358,Strong Premium
France,Home Care,11.7,10,0.29,7.8,1,0.9999999960471961,Strong Premium
France,Home Care,13.3875,6,0.29,10.71,0,9.315439806487492e-06,Standard / Value
UK,Food & Refreshment,10.5245,10,0.32,6.79,1,0.9999999960687569,Strong Premium
Germany,Food & Refreshment,3.886400000000001,2,0.31,3.47,0,3.617630239434667e-19,Standard / Value
Spain,Food & Refreshment,3.2,5,0.3,2.5,0,4.276209263186804e-09,Standard / Value
Spain,Food & Refreshment,12.214,9,0.3,7.88,1,0.9999910076017633,Strong Premium
France,Personal Care,18.317,5,0.29,14.09,0,4.024500913506264e-09,Standard / Value
Germany,Personal Care,9.184000000000001,10,0.31,5.74,1,0.9999999960900365,Strong Premium
Germany,Personal Care,17.407,4,0.31,13.39,0,1.776382214219768e-12,Standard / Value
Spain,Food & Refreshment,3.9296,4,0.3,3.07,0,1.874756149372292e-12,Standard / Value
UK,Home Care,20.31,10,0.32,13.54,1,0.999999995927525,Strong Premium
Spain,Food & Refreshment,9.6256,4,0.3,7.52,0,1.831636578316091e-12,Standard / Value
Spain,Personal Care,18.382,4,0.3,14.14,0,1.769318378929978e-12,Standard / Value
UK,Home Care,0.7370000000000001,2,0.32,0.67,0,3.671215984534258e-19,Standard / Value
Spain,Home Care,8.6375,4,0.3,6.91,0,1.837488176895686e-12,Standard / Value
France,Food & Refreshment,17.024,5,0.29,13.3,0,4.041159916562749e-09,Standard / Value
Germany,Home Care,4.2625,5,0.31,3.41,0,4.256177123692512e-09,Standard / Value
Germany,Home Care,12.7875,7,0.31,10.23,0,0.0207990516383292,Standard / Value
Germany,Personal Care,10.9135,3,0.31,9.49,0,7.972107529979241e-16,Standard / Value
Spain,Home Care,7.315000000000001,1,0.3,6.65,0,1.564428502249172e-22,Standard / Value
Spain,Home Care,6.798,3,0.3,6.18,0,8.110778676204355e-16,Standard / Value
Spain,Food & Refreshment,0.8959999999999999,6,0.3,0.7,0,9.816621659963516e-06,Standard / Value
Spain,Personal Care,10.01,7,0.3,7.7,0,0.02106890366674064,Standard / Value
UK,Food & Refreshment,8.8192,5,0.32,6.89,0,4.179691600140702e-09,Standard / Value
Spain,Home Care,21.54,10,0.3,14.36,1,0.9999999959095125,Strong Premium
Germany,Home Care,10.472,3,0.31,9.52,0,7.970857061019428e-16,Standard / Value
Germany,Personal Care,18.59,4,0.31,14.3,0,1.767949691160186e-12,Standard / Value
Spain,Food & Refreshment,16.895,9,0.3,10.9,1,0.999990864473749,Strong Premium
France,Home Care,12.188,2,0.29,11.08,0,3.476067148606166e-19,Standard / Value
France,Home Care,13.387,1,0.29,12.17,0,1.519823401714572e-22,Standard / Value
France,Personal Care,15.157,2,0.29,13.18,0,3.438106137529134e-19,Standard / Value
France,Home Care,15.18,8,0.29,10.12,1,0.9797269858862993,Strong Premium
UK,Food & Refreshment,6.7735,9,0.32,4.37,1,0.9999911722454113,Strong Premium
Spain,Personal Care,12.9835,1,0.3,11.29,0,1.526928745204245e-22,Standard / Value
Spain,Personal Care,2.0355,2,0.3,1.77,0,3.649702276539288e-19,Standard / Value
Germany,Food & Refreshment,2.3408,1,0.31,2.09,0,1.60227941713033e-22,Standard / Value
UK,Personal Care,0.9199999999999999,1,0.32,0.8,0,1.613225075815084e-22,Standard / Value
Germany,Personal Care,16.399,2,0.31,14.26,0,3.419174198548161e-19,Standard / Value
Spain,Home Care,6.578000000000001,1,0.3,5.98,0,1.569918903314416e-22,Standard / Value
France,Home Care,5.192,3,0.29,4.72,0,8.172422283743683e-16,Standard / Value
UK,Personal Care,0.793,5,0.32,0.61,0,4.319221273140867e-09,Standard / Value
France,Home Care,10.675,5,0.29,8.54,0,4.143005336159873e-09,Standard / Value
UK,Home Care,2.075,4,0.32,1.66,0,1.888866486543753e-12,Standard / Value
Germany,Home Care,16.225,2,0.31,14.75,0,3.410424891993578e-19,Standard / Value
UK,Personal Care,17.329,4,0.32,13.33,0,1.777051142266965e-12,Standard / Value
France,Personal Care,0.8320000000000001,5,0.29,0.64,0,4.317730745963656e-09,Standard / Value
UK,Home Care,6.655,2,0.32,6.05,0,3.569377857651787e-19,Standard / Value
France,Food & Refreshment,7.68,6,0.29,6.0,0,9.547709010751594e-06,Standard / Value
Spain,Home Care,14.256,2,0.3,12.96,0,3.442279521166442e-19,Standard / Value
Germany,Personal Care,12.051,4,0.31,9.27,0,1.815066327689365e-12,Standard / Value
Spain,Food & Refreshment,4.364800000000001,6,0.3,3.41,0,9.678498568885278e-06,Standard / Value
Germany,Home Care,3.3,1,0.31,3.0,0,1.594673363644367e-22,Standard / Value
Germany,Home Care,14.267,2,0.31,12.97,0,3.442315568432387e-19,Standard / Value
UK,Personal Care,11.73,2,0.32,10.2,0,3.492756540446791e-19,Standard / Value
Germany,Personal Care,18.496,9,0.31,11.56,1,0.9999908334673486,Strong Premium
Germany,Home Care,16.175,6,0.31,12.94,0,9.20860469401436e-06,Standard / Value
Spain,Home Care,8.14,2,0.3,7.4,0,3.543825301502877e-19,Standard / Value
UK,Home Care,12.9,6,0.32,10.32,0,9.336213488391164e-06,Standard / Value
Germany,Home Care,13.8625,4,0.31,11.09,0,1.797874914075862e-12,Standard / Value
France,Home Care,20.655,9,0.29,13.77,1,0.9999907257620888,Strong Premium
Spain,Personal Care,18.187,6,0.3,13.99,0,9.157610262871479e-06,Standard / Value
UK,Food & Refreshment,4.7872,7,0.32,3.74,0,0.02150287941388207,Standard / Value
Spain,Food & Refreshment,12.9152,5,0.3,10.09,0,4.109820589864544e-09,Standard / Value
Germany,Food & Refreshment,16.7245,8,0.31,10.79,1,0.9796597859602828,Strong Premium
Germany,Food & Refreshment,4.48,6,0.31,3.5,0,9.674552110825319e-06,Standard / Value
Spain,Food & Refreshment,4.6336,4,0.3,3.62,0,1.869372265223018e-12,Standard / Value
Spain,Personal Care,14.183,4,0.3,10.91,0,1.799454943486519e-12,Standard / Value
Spain,Home Care,19.74,8,0.3,13.16,1,0.9794101067587245,Strong Premium
Spain,Personal Care,9.061,7,0.3,6.97,0,0.02114777581057565,Standard / Value
France,Home Care,14.322,3,0.29,13.02,0,7.825324899425244e-16,Standard / Value
UK,Food & Refreshment,17.3445,8,0.32,11.19,1,0.9796193195399759,Strong Premium
Germany,Home Care,17.2,6,0.31,13.76,0,9.169205662858927e-06,Standard / Value
Spain,Food & Refreshment,11.1328,3,0.3,9.94,0,7.952871929690923e-16,Standard / Value
Spain,Personal Care,0.992,8,0.3,0.62,1,0.9806916580187486,Strong Premium
UK,Personal Care,4.48,8,0.32,2.8,1,0.9804770267585826,Strong Premium
Spain,Home Care,8.734000000000002,1,0.3,7.94,0,1.553911448275395e-22,Standard / Value
UK,Home Care,12.2125,6,0.32,9.77,0,9.363101991078614e-06,Standard / Value
Germany,Food & Refreshment,8.029,9,0.31,5.18,1,0.9999911342207036,Strong Premium
Spain,Home Care,5.85,6,0.3,4.68,0,9.614439755158776e-06,Standard / Value
France,Personal Care,15.379,7,0.29,11.83,0,0.02062680565117178,Standard / Value
Germany,Food & Refreshment,23.002,8,0.31,14.84,1,0.9792334852562978,Strong Premium
UK,Home Care,14.825,5,0.32,11.86,0,4.072470008303119e-09,Standard / Value
UK,Personal Care,16.7325,1,0.32,14.55,0,1.501309282271244e-22,Standard / Value
UK,Personal Care,4.956499999999999,2,0.32,4.31,0,3.602001430747373e-19,Standard / Value
France,Personal Care,4.095,7,0.29,3.15,0,0.02156391376080594,Standard / Value
Germany,Personal Care,3.728,8,0.31,2.33,1,0.9805228155571517,Strong Premium
France,Personal Care,9.1425,1,0.29,7.95,0,1.553732680422969e-22,Standard / Value
UK,Home Care,7.035,10,0.32,4.69,1,0.9999999961116888,Strong Premium
France,Food & Refreshment,19.189,8,0.29,12.38,1,0.9794909334996867,Strong Premium
France,Personal Care,15.405,6,0.29,11.85,0,9.260076374656912e-06,Standard / Value
Spain,Food & Refreshment,14.5488,2,0.3,12.99,0,3.441739580670677e-19,Standard / Value
UK,Home Care,16.665,10,0.32,11.11,1,0.9999999959789436,Strong Premium
Germany,Personal Care,9.751999999999999,1,0.31,8.48,0,1.549627233977427e-22,Standard / Value
UK,Home Care,5.654,1,0.32,5.14,0,1.577027561504489e-22,Standard / Value
UK,Home Care,2.3875,4,0.32,1.91,0,1.886398913512705e-12,Standard / Value
Germany,Food & Refreshment,13.2608,7,0.31,10.36,0,0.02078521183797154,Standard / Value
Germany,Food & Refreshment,3.751,9,0.31,2.42,1,0.9999912612502404,Strong Premium
UK,Home Care,3.96,10,0.32,2.64,1,0.9999999961531463,Strong Premium
Germany,Personal Care,21.872,9,0.31,13.67,1,0.9999907317736385,Strong Premium
Germany,Food & Refreshment,14.672,1,0.31,13.1,0,1.51264044863008e-22,Standard / Value
Spain,Home Care,13.365,9,0.3,8.91,1,0.999990959040336,Strong Premium
Germany,Personal Care,8.71,7,0.31,6.7,0,0.02117832180904232,Standard / Value
Germany,Home Care,12.925,7,0.31,10.34,0,0.02078734045119367,Standard / Value
France,Food & Refreshment,20.429,8,0.29,13.18,1,0.9794067319246206,Strong Premium
France,Home Care,14.443,2,0.29,13.13,0,3.439005135338844e-19,Standard / Value
UK,Personal Care,17.381,7,0.32,13.37,0,0.0204685344583465,Standard / Value
UK,Home Care,20.445,9,0.32,13.63,1,0.9999907342934721,Strong Premium
France,Home Care,6.226000000000001,1,0.29,5.66,0,1.572449287679174e-22,Standard / Value
UK,Food & Refreshment,16.7776,2,0.32,14.98,0,3.406539590534955e-19,Standard / Value
UK,Food & Refreshment,10.3936,3,0.32,9.28,0,7.981367211207701e-16,Standard / Value
UK,Home Care,4.38,10,0.32,2.92,1,0.9999999961475099,Strong Premium
UK,Home Care,16.005,3,0.32,14.55,0,7.764431815304442e-16,Standard / Value
Spain,Food & Refreshment,14.198,10,0.3,9.16,1,0.9999999960192361,Strong Premium
UK,Personal Care,13.936,5,0.32,10.72,0,4.096818405224969e-09,Standard / Value
UK,Home Care,16.125,5,0.32,12.9,0,4.050383682290341e-09,Standard / Value
Spain,Personal Care,19.461,6,0.3,14.97,0,9.110803933051761e-06,Standard / Value
Germany,Home Care,15.125,2,0.31,13.75,0,3.42830445941975e-19,Standard / Value
Germany,Food & Refreshment,15.68,5,0.31,12.25,0,4.063918493665537e-09,Standard / Value
UK,Home Care,17.895,10,0.32,11.93,1,0.9999999959616654,Strong Premium
Germany,Personal Care,8.1535,3,0.31,7.09,0,8.072783283429948e-16,Standard / Value
UK,Food & Refreshment,10.3695,9,0.32,6.69,1,0.9999910645037094,Strong Premium
Spain,Home Care,15.5875,7,0.3,12.47,0,0.02056057377414654,Standard / Value
Spain,Food & Refreshment,7.5392,6,0.3,5.89,0,9.55380179084631e-06,Standard / Value
Germany,Food & Refreshment,14.8352,7,0.31,11.59,0,0.02065471135179341,Standard / Value
Spain,Personal Care,9.815,4,0.3,7.55,0,1.83134927603395e-12,Standard / Value
Germany,Personal Care,19.728,9,0.31,12.33,1,0.9999907964863205,Strong Premium
Germany,Food & Refreshment,19.034,9,0.31,12.28,1,0.9999907988922088,Strong Premium
UK,Home Care,1.034,2,0.32,0.94,0,3.666036581090561e-19,Standard / Value
Germany,Home Care,8.954,3,0.31,8.14,0,8.028582140926969e-16,Standard / Value
UK,Personal Care,7.696,7,0.32,5.92,0,0.02126434108227397,Standard / Value
UK,Personal Care,2.848,10,0.32,1.78,1,0.9999999961704062,Strong Premium
Spain,Food & Refreshment,7.1765,9,0.3,4.63,1,0.9999911591261907,Strong Premium
France,Home Care,13.959,1,0.29,12.69,0,1.51569655110034e-22,Standard / Value
Spain,Home Care,18.705,8,0.3,12.47,1,0.9794827389799196,Strong Premium
UK,Food & Refreshment,10.3296,4,0.32,8.07,0,1.826605789322915e-12,Standard / Value
Spain,Food & Refreshment,10.432,7,0.3,8.15,0,0.02102042732859685,Standard / Value
UK,Personal Care,21.008,8,0.32,13.13,1,0.9794158006518059,Strong Premium
France,Food & Refreshment,6.231,10,0.29,4.02,1,0.9999999961245576,Strong Premium
UK,Personal Care,11.6955,3,0.32,10.17,0,7.944310257134292e-16,Standard / Value
Spain,Food & Refreshment,5.859,9,0.3,3.78,1,0.999991198332693,Strong Premium
Germany,Home Care,4.488,2,0.31,4.08,0,3.606109664643038e-19,Standard / Value
Spain,Food & Refreshment,17.5744,7,0.3,13.73,0,0.02042831493799767,Standard / Value
UK,Home Care,10.125,5,0.32,8.1,0,4.153330167035587e-09,Standard / Value
Spain,Personal Care,5.727,2,0.3,4.98,0,3.588953804358928e-19,Standard / Value
France,Food & Refreshment,4.6592,3,0.29,4.16,0,8.196387834161665e-16,Standard / Value
France,Personal Care,15.21,7,0.29,11.7,0,0.02064054220028305,Standard / Value
France,Food & Refreshment,15.68,5,0.29,12.25,0,4.063408413431543e-09,Standard / Value
Germany,Personal Care,2.86,7,0.31,2.2,0,0.02167163282096143,Standard / Value
France,Home Care,8.97,9,0.29,5.98,1,0.9999910959389688,Strong Premium
UK,Home Care,2.94,8,0.32,1.96,1,0.980560926182347,Strong Premium
UK,Personal Care,1.104,2,0.32,0.96,0,3.665653212386152e-19,Standard / Value
Spain,Personal Care,16.3645,2,0.3,14.23,0,3.419495980810873e-19,Standard / Value
UK,Home Care,13.156,2,0.32,11.96,0,3.460760465587952e-19,Standard / Value
Spain,Personal Care,7.0725,2,0.3,6.15,0,3.56706416984435e-19,Standard / Value
Spain,Food & Refreshment,1.2032,4,0.3,0.94,0,1.895753171854472e-12,Standard / Value
Spain,Food & Refreshment,18.6752,5,0.3,14.59,0,4.014244676099583e-09,Standard / Value
France,Personal Care,18.798,6,0.29,14.46,0,9.134559089135629e-06,Standard / Value
Spain,Food & Refreshment,4.352,4,0.3,3.4,0,1.871523961033308e-12,Standard / Value
UK,Personal Care,6.026,3,0.32,5.24,0,8.151766004598113e-16,Standard / Value
France,Home Care,8.6,4,0.29,6.88,0,1.837661104938814e-12,Standard / Value
UK,Personal Care,1.9435,1,0.32,1.69,0,1.605734979699646e-22,Standard / Value
France,Food & Refreshment,14.168,3,0.29,12.65,0,7.840479233652369e-16,Standard / Value
France,Personal Care,10.741,3,0.29,9.34,0,7.977361418685922e-16,Standard / Value
France,Food & Refreshment,1.7825,10,0.29,1.15,1,0.9999999961822823,Strong Premium
Germany,Home Care,16.038,2,0.31,14.58,0,3.413457826465236e-19,Standard / Value
France,Home Care,12.21,8,0.29,8.14,1,0.9799316047215862,Strong Premium
France,Personal Care,7.28,10,0.29,4.55,1,0.9999999961138026,Strong Premium
Spain,Food & Refreshment,9.4976,7,0.3,7.42,0,0.02109912191096642,Standard / Value
Spain,Food & Refreshment,11.7712,3,0.3,10.51,0,7.929203776234005e-16,Standard / Value
UK,Personal Care,7.072,10,0.32,4.42,1,0.9999999961171744,Strong Premium
Germany,Food & Refreshment,12.0448,7,0.31,9.41,0,0.02088655694159564,Standard / Value
Germany,Personal Care,13.7195,1,0.31,11.93,0,1.521922913143166e-22,Standard / Value
UK,Personal Care,14.3635,2,0.32,12.49,0,3.451182829344433e-19,Standard / Value
France,Home Care,14.1875,4,0.29,11.35,0,1.795206973518406e-12,Standard / Value
Germany,Food & Refreshment,20.181,8,0.31,13.02,1,0.979426128769499,Strong Premium
France,Home Care,0.8500000000000001,6,0.29,0.68,0,9.817032170183504e-06,Standard / Value
UK,Personal Care,12.792,4,0.32,9.84,0,1.809778177664934e-12,Standard / Value
Spain,Food & Refreshment,7.812,9,0.3,5.04,1,0.9999911401524312,Strong Premium
France,Home Care,13.189,2,0.29,11.99,0,3.459566186058416e-19,Standard / Value
UK,Home Care,3.63,3,0.32,3.3,0,8.234879326407473e-16,Standard / Value
Germany,Personal Care,18.694,4,0.31,14.38,0,1.767210287437121e-12,Standard / Value
Spain,Food & Refreshment,5.0064,3,0.3,4.47,0,8.183626116867959e-16,Standard / Value
France,Personal Care,4.208,9,0.29,2.63,1,0.9999912505510821,Strong Premium
Germany,Home Care,8.985,9,0.31,5.99,1,0.9999910965910103,Strong Premium
France,Personal Care,13.0755,3,0.29,11.37,0,7.893131774952582e-16,Standard / Value
Spain,Food & Refreshment,13.0144,1,0.3,11.62,0,1.524296231484324e-22,Standard / Value
France,Food & Refreshment,7.7616,2,0.29,6.93,0,3.552322347196431e-19,Standard / Value
UK,Home Care,18.66,10,0.32,12.44,1,0.9999999959508818,Strong Premium
Spain,Home Care,4.485,10,0.3,2.99,1,0.9999999961456156,Strong Premium
Spain,Personal Care,1.391,7,0.3,1.07,0,0.02179592519565981,Standard / Value
France,Food & Refreshment,15.8875,8,0.29,10.25,1,0.9797134800664893,Strong Premium
Germany,Personal Care,2.132,7,0.31,1.64,0,0.02173380345399611,Standard / Value
France,Personal Care,6.370000000000001,4,0.29,4.9,0,1.856785746953567e-12,Standard / Value
Germany,Food & Refreshment,16.9725,9,0.31,10.95,1,0.9999908626584911,Strong Premium
UK,Food & Refreshment,3.6624,1,0.32,3.27,0,1.59252352134738e-22,Standard / Value
Germany,Personal Care,5.048499999999999,3,0.31,4.39,0,8.18756400430458e-16,Standard / Value
UK,Personal Care,4.082000000000001,7,0.32,3.14,0,0.02156899016642278,Standard / Value
France,Personal Care,17.953,4,0.29,13.81,0,1.772262821887919e-12,Standard / Value
France,Home Care,2.585,1,0.29,2.35,0,1.599901728778444e-22,Standard / Value
France,Food & Refreshment,15.3915,10,0.29,9.93,1,0.9999999960029253,Strong Premium
France,Home Care,1.5125,6,0.29,1.21,0,9.789863851667945e-06,Standard / Value
France,Personal Care,6.768000000000001,10,0.29,4.23,1,0.9999999961202997,Strong Premium
UK,Food & Refreshment,4.043200000000001,1,0.32,3.61,0,1.589694792275868e-22,Standard / Value
Spain,Food & Refreshment,5.6224,2,0.3,5.02,0,3.588203227762584e-19,Standard / Value
Germany,Home Care,11.539,1,0.31,10.49,0,1.533425719094334e-22,Standard / Value
UK,Food & Refreshment,18.7648,5,0.32,14.66,0,4.013279355812206e-09,Standard / Value
Spain,Food & Refreshment,19.8245,10,0.3,12.79,1,0.9999999959429555,Strong Premium
Spain,Food & Refreshment,3.776,7,0.3,2.95,0,0.02158731529475597,Standard / Value
France,Food & Refreshment,9.2544,4,0.29,7.23,0,1.834301032054394e-12,Standard / Value
Spain,Food & Refreshment,1.4224,3,0.3,1.27,0,8.321711220759323e-16,Standard / Value
UK,Home Care,0.75,10,0.32,0.5,1,0.9999999961959523,Strong Premium
UK,Personal Care,1.52,8,0.32,0.95,1,0.980661337409686,Strong Premium
France,Personal Care,9.6485,1,0.29,8.39,0,1.550162073421874e-22,Standard / Value
Spain,Home Care,7.9875,4,0.3,6.39,0,1.842491183075213e-12,Standard / Value
UK,Personal Care,16.491,1,0.32,14.34,0,1.502958737402371e-22,Standard / Value
Germany,Personal Care,6.994,7,0.31,5.38,0,0.02132187656435347,Standard / Value
UK,Personal Care,10.6375,1,0.32,9.25,0,1.543497422676145e-22,Standard / Value
Germany,Food & Refreshment,12.1365,10,0.31,7.83,1,0.9999999960470722,Strong Premium
France,Home Care,4.462499999999999,4,0.29,3.57,0,1.869743718755967e-12,Standard / Value
Spain,Food & Refreshment,2.24,6,0.3,1.75,0,9.762872953787741e-06,Standard / Value
Spain,Personal Care,0.736,3,0.3,0.64,0,8.349170004356395e-16,Standard / Value
Germany,Personal Care,14.398,1,0.31,12.52,0,1.517234914236437e-22,Standard / Value
France,Home Care,3.971,1,0.29,3.61,0,1.589395507317888e-22,Standard / Value
Spain,Home Care,14.4375,5,0.3,11.55,0,4.078564719597705e-09,Standard / Value
Germany,Home Care,10.62,8,0.31,7.08,1,0.9800427705814351,Strong Premium
UK,Food & Refreshment,16.461,10,0.32,10.62,1,0.9999999959892332,Strong Premium
France,Home Care,15.862,2,0.29,14.42,0,3.415886020229106e-19,Standard / Value
Spain,Home Care,21.165,9,0.3,14.11,1,0.9999907098425844,Strong Premium
France,Home Care,15.708,2,0.29,14.28,0,3.41838753432786e-19,Standard / Value
UK,Food & Refreshment,6.336,4,0.32,4.95,0,1.856649903995755e-12,Standard / Value
UK,Food & Refreshment,2.387,9,0.32,1.54,1,0.9999913019144028,Strong Premium
France,Home Care,3.33,8,0.29,2.22,1,0.9805314012236221,Strong Premium
Spain,Home Care,10.365,8,0.3,6.91,1,0.9800589229178273,Strong Premium
UK,Food & Refreshment,23.1105,9,0.32,14.91,1,0.9999906720704332,Strong Premium
Spain,Personal Care,11.584,9,0.3,7.24,1,0.9999910376443762,Strong Premium
Germany,Personal Care,23.392,10,0.31,14.62,1,0.9999999959042045,Strong Premium
France,Home Care,4.774,1,0.29,4.34,0,1.583340163535183e-22,Standard / Value
UK,Home Care,11.308,3,0.32,10.28,0,7.939742147012034e-16,Standard / Value
UK,Home Care,6.303000000000001,1,0.32,5.73,0,1.572169823034052e-22,Standard / Value
Spain,Food & Refreshment,2.2176,1,0.3,1.98,0,1.603100668881523e-22,Standard / Value
Germany,Food & Refreshment,13.2096,4,0.31,10.32,0,1.805128242820051e-12,Standard / Value
Germany,Home Care,8.205,8,0.31,5.47,1,0.9802067652049711,Strong Premium
France,Personal Care,13.585,6,0.29,10.45,0,9.328112837173618e-06,Standard / Value
Spain,Food & Refreshment,13.9264,5,0.3,10.88,0,4.092878544714894e-09,Standard / Value
UK,Home Care,2.225,6,0.32,1.78,0,9.762566938997544e-06,Standard / Value
France,Home Care,8.8,7,0.29,7.04,0,0.02113890152750432,Standard / Value
Germany,Food & Refreshment,10.432,7,0.31,8.15,0,0.02102171890170558,Standard / Value
France,Food & Refreshment,5.619199999999999,7,0.29,4.39,0,0.02142753471563127,Standard / Value
Spain,Personal Care,5.694,5,0.3,4.38,0,4.234378433205938e-09,Standard / Value
Germany,Home Care,18.54,10,0.31,12.36,1,0.9999999959523214,Strong Premium
Spain,Food & Refreshment,10.0736,7,0.3,7.87,0,0.02105057754034116,Standard / Value
France,Food & Refreshment,11.6608,5,0.29,9.11,0,4.130675540517379e-09,Standard / Value
UK,Food & Refreshment,9.7664,6,0.32,7.63,0,9.46846159127536e-06,Standard / Value
Germany,Personal Care,18.224,9,0.31,11.39,1,0.9999908416119455,Strong Premium
Spain,Home Care,10.35,5,0.3,8.28,0,4.148902051047678e-09,Standard / Value
Germany,Food & Refreshment,7.719000000000001,8,0.31,4.98,1,0.980256414018551,Strong Premium
Spain,Personal Care,9.1,5,0.3,7.0,0,4.176763898413243e-09,Standard / Value
Spain,Food & Refreshment,15.1745,8,0.3,9.79,1,0.9797624748191708,Strong Premium
France,Home Care,15.477,2,0.29,14.07,0,3.422143240713785e-19,Standard / Value
Germany,Home Care,3.765,8,0.31,2.51,1,0.9805048324226294,Strong Premium
Germany,Personal Care,7.007,6,0.31,5.39,0,9.57941348799043e-06,Standard / Value
UK,Home Care,5.698,3,0.32,5.18,0,8.154323905174987e-16,Standard / Value
Germany,Home Care,11.1375,4,0.31,8.91,0,1.818486251271673e-12,Standard / Value
UK,Home Care,13.519,3,0.32,12.29,0,7.856731312056218e-16,Standard / Value
Spain,Food & Refreshment,7.324800000000001,2,0.3,6.54,0,3.559797333892257e-19,Standard / Value
Spain,Personal Care,15.364,3,0.3,13.36,0,7.811915390297212e-16,Standard / Value
Germany,Personal Care,14.224,9,0.31,8.89,1,0.9999909605531069,Strong Premium
Germany,Home Care,14.553,2,0.31,13.23,0,3.437638847859061e-19,Standard / Value
Germany,Food & Refreshment,20.832,10,0.31,13.44,1,0.9999999959293984,Strong Premium
UK,Food & Refreshment,11.3536,6,0.32,8.87,0,9.407268498451921e-06,Standard / Value
France,Food & Refreshment,6.3488,5,0.29,4.96,0,4.221291017393557e-09,Standard / Value
Spain,Home Care,15.69,8,0.3,10.46,1,0.9796928930110239,Strong Premium
UK,Food & Refreshment,3.782,9,0.32,2.44,1,0.999991260884804,Strong Premium
France,Personal Care,9.533499999999998,2,0.29,8.29,0,3.527150182795968e-19,Standard / Value
Spain,Home Care,5.896000000000001,3,0.3,5.36,0,8.145630088224979e-16,Standard / Value
Spain,Food & Refreshment,2.8672,7,0.3,2.24,0,0.02166586836815508,Standard / Value
UK,Food & Refreshment,5.7472,5,0.32,4.49,0,4.23247483188618e-09,Standard / Value
France,Personal Care,7.072000000000001,7,0.29,5.44,0,0.02131271238553087,Standard / Value
France,Personal Care,8.993,1,0.29,7.82,0,1.554789205586999e-22,Standard / Value
Spain,Personal Care,8.24,9,0.3,5.15,1,0.999991135054986,Strong Premium
France,Food & Refreshment,20.77,8,0.29,13.4,1,0.9793835172210306,Strong Premium
UK,Personal Care,22.72,9,0.32,14.2,1,0.9999907066362027,Strong Premium
Germany,Personal Care,15.821,5,0.31,12.17,0,4.065618843914513e-09,Standard / Value
France,Home Care,9.9125,4,0.29,7.93,0,1.827599306235743e-12,Standard / Value
Germany,Home Care,6.33,8,0.31,4.22,1,0.9803331790180059,Strong Premium
Spain,Personal Care,13.76,10,0.3,8.6,1,0.9999999960308754,Strong Premium
Spain,Food & Refreshment,17.2032,4,0.3,13.44,0,1.775806391166047e-12,Standard / Value
UK,Personal Care,4.693,4,0.32,3.61,0,1.869704690726148e-12,Standard / Value
Spain,Home Care,13.838,1,0.3,12.58,0,1.516663787742567e-22,Standard / Value
UK,Home Care,10.965,9,0.32,7.31,1,0.9999910354886664,Strong Premium
Germany,Food & Refreshment,12.9808,2,0.31,11.59,0,3.467244875247671e-19,Standard / Value
France,Food & Refreshment,13.6528,1,0.29,12.19,0,1.519664469113765e-22,Standard / Value
France,Personal Care,4.03,7,0.29,3.1,0,0.02156943068419683,Standard / Value
Germany,Personal Care,11.109,2,0.31,9.66,0,3.502412874035803e-19,Standard / Value
Spain,Home Care,3.7125,4,0.3,2.97,0,1.87573670201053e-12,Standard / Value
France,Home Care,18.55,5,0.29,14.84,0,4.008748954930479e-09,Standard / Value
UK,Personal Care,6.08,8,0.32,3.8,1,0.980376683673186,Strong Premium
France,Food & Refreshment,8.025599999999999,5,0.29,6.27,0,4.192474428091824e-09,Standard / Value
Germany,Home Care,5.665000000000001,3,0.31,5.15,0,8.155091317609898e-16,Standard / Value
UK,Home Care,9.175,5,0.32,7.34,0,4.169868275983563e-09,Standard / Value
Germany,Personal Care,3.042,7,0.31,2.34,0,0.02165611735486802,Standard / Value
France,Home Care,9.855,10,0.29,6.57,1,0.9999999960725374,Strong Premium
Spain,Home Care,2.629,2,0.3,2.39,0,3.637889338744896e-19,Standard / Value
Germany,Personal Care,10.5685,1,0.31,9.19,0,1.543884849763656e-22,Standard / Value
UK,Home Care,9.812000000000001,3,0.32,8.92,0,7.996405596047039e-16,Standard / Value
Germany,Food & Refreshment,13.9008,6,0.31,10.86,0,9.309304716724062e-06,Standard / Value
Germany,Food & Refreshment,7.918400000000001,3,0.31,7.07,0,8.073627567460446e-16,Standard / Value
Spain,Food & Refreshment,7.1904,2,0.3,6.42,0,3.562031705254166e-19,Standard / Value
France,Personal Care,8.918000000000001,4,0.29,6.86,0,1.83785329490228e-12,Standard / Value
UK,Food & Refreshment,9.7664,5,0.32,7.63,0,4.16354992612127e-09,Standard / Value
Spain,Personal Care,2.2425,2,0.3,1.95,0,3.646268767815493e-19,Standard / Value
UK,Personal Care,11.6725,1,0.32,10.15,0,1.536250735860785e-22,Standard / Value
Spain,Food & Refreshment,13.2835,10,0.3,8.57,1,0.999999996031498,Strong Premium
UK,Personal Care,17.68,4,0.32,13.6,0,1.774544053377454e-12,Standard / Value
UK,Food & Refreshment,18.5344,6,0.32,14.48,0,9.135323721110874e-06,Standard / Value
Spain,Personal Care,16.128,10,0.3,10.08,1,0.9999999960000401,Strong Premium
France,Food & Refreshment,7.436800000000001,3,0.29,6.64,0,8.090785409169258e-16,Standard / Value
Germany,Home Care,8.97,10,0.31,5.98,1,0.9999999960851265,Strong Premium
UK,Food & Refreshment,10.323,9,0.32,6.66,1,0.9999910659052788,Strong Premium
Spain,Food & Refreshment,16.4736,4,0.3,12.87,0,1.781107056827055e-12,Standard / Value
Spain,Personal Care,18.032,8,0.3,11.27,1,0.9796084588455698,Strong Premium
Spain,Home Care,1.515,9,0.3,1.01,1,0.999991324897259,Strong Premium
France,Food & Refreshment,9.755200000000002,2,0.29,8.71,0,3.519412533924295e-19,Standard / Value
France,Food & Refreshment,11.315,8,0.29,7.3,1,0.9800178003114879,Strong Premium
Germany,Home Care,9.009,3,0.31,8.19,0,8.026483371813421e-16,Standard / Value
Germany,Personal Care,10.465,5,0.31,8.05,0,4.15415545431858e-09,Standard / Value
France,Home Care,7.850000000000001,6,0.29,6.28,0,9.533740575632245e-06,Standard / Value
Germany,Food & Refreshment,9.1264,5,0.31,7.13,0,4.174187632573205e-09,Standard / Value
France,Personal Care,8.8,10,0.29,5.5,1,0.9999999960944499,Strong Premium
UK,Food & Refreshment,13.826,9,0.32,8.92,1,0.9999909597024024,Strong Premium
UK,Personal Care,9.971,7,0.32,7.67,0,0.0210747287511755,Standard / Value
Germany,Home Care,19.605,9,0.31,13.07,1,0.9999907608055316,Strong Premium
Spain,Food & Refreshment,4.979200000000001,6,0.3,3.89,0,9.654237344739883e-06,Standard / Value
UK,Home Care,16.423,2,0.32,14.93,0,3.407430334307275e-19,Standard / Value
Germany,Food & Refreshment,4.7275,9,0.31,3.05,1,0.9999912324156257,Strong Premium
Germany,Food & Refreshment,3.36,2,0.31,3.0,0,3.626531845657876e-19,Standard / Value
Spain,Home Care,5.2125,7,0.3,4.17,0,0.02145298677528356,Standard / Value
Germany,Food & Refreshment,2.3715,8,0.31,1.53,1,0.9806025440794011,Strong Premium
Spain,Food & Refreshment,10.2765,9,0.3,6.63,1,0.9999910661853157,Strong Premium
France,Personal Care,17.135,1,0.29,14.9,0,1.498282083941924e-22,Standard / Value
Germany,Personal Care,15.264,9,0.31,9.54,1,0.9999909297778208,Strong Premium
Spain,Home Care,1.305,10,0.3,0.87,1,0.999999996188107,Strong Premium
Spain,Food & Refreshment,10.1376,6,0.3,7.92,0,9.452928121971307e-06,Standard / Value
Spain,Home Care,17.0125,5,0.3,13.61,0,4.034867859472548e-09,Standard / Value
UK,Food & Refreshment,8.153,10,0.32,5.26,1,0.9999999961000825,Strong Premium
Germany,Home Care,8.492,1,0.31,7.72,0,1.555797681088638e-22,Standard / Value
France,Food & Refreshment,5.913600000000001,2,0.29,5.28,0,3.583103417928334e-19,Standard / Value
UK,Home Care,1.53,8,0.32,1.02,1,0.980654394643896,Strong Premium
UK,Personal Care,8.165,3,0.32,7.1,0,8.072867820947646e-16,Standard / Value
France,Personal Care,5.531499999999999,3,0.29,4.81,0,8.168577218630878e-16,Standard / Value
Spain,Personal Care,4.29,6,0.3,3.3,0,9.684067014094939e-06,Standard / Value
UK,Personal Care,18.912,8,0.32,11.82,1,0.9795534453223935,Strong Premium
Spain,Home Care,12.125,4,0.3,9.7,0,1.810876190873264e-12,Standard / Value
Spain,Personal Care,7.222,1,0.3,6.28,0,1.567458136507459e-22,Standard / Value
UK,Home Care,10.483,2,0.32,9.53,0,3.505014457125462e-19,Standard / Value
UK,Food & Refreshment,17.5488,4,0.32,13.71,0,1.773523661123082e-12,Standard / Value
UK,Food & Refreshment,1.4592,4,0.32,1.14,0,1.894009382603325e-12,Standard / Value
Germany,Home Care,4.85,5,0.31,3.88,0,4.245730003903406e-09,Standard / Value
France,Personal Care,5.057,5,0.29,3.89,0,4.244975131257659e-09,Standard / Value
France,Home Care,17.295,9,0.29,11.53,1,0.9999908337546715,Strong Premium
Germany,Food & Refreshment,4.557,9,0.31,2.94,1,0.9999912374570881,Strong Premium
Spain,Home Care,7.755000000000001,1,0.3,7.05,0,1.561159808839004e-22,Standard / Value
France,Food & Refreshment,16.6016,7,0.29,12.97,0,0.02050672940736206,Standard / Value
UK,Food & Refreshment,15.2064,6,0.32,11.88,0,9.26036728726702e-06,Standard / Value
Germany,Home Care,8.4,6,0.31,6.72,0,9.513025464986933e-06,Standard / Value
UK,Personal Care,4.508,1,0.32,3.92,0,1.587120036266886e-22,Standard / Value
Germany,Personal Care,11.0285,2,0.31,9.59,0,3.503695078959907e-19,Standard / Value
France,Home Care,11.682,3,0.29,10.62,0,7.924147008545582e-16,Standard / Value
UK,Home Care,12.735,10,0.32,8.49,1,0.9999999960336556,Strong Premium
France,Home Care,1.892,3,0.29,1.72,0,8.30163207479254e-16,Standard / Value
UK,Personal Care,14.313,6,0.32,11.01,0,9.302589813497313e-06,Standard / Value
Germany,Food & Refreshment,14.144,7,0.31,11.05,0,0.02071190518789874,Standard / Value
France,Food & Refreshment,5.89,8,0.29,3.8,1,0.9803730611040509,Strong Premium
Spain,Home Care,2.057,1,0.3,1.87,0,1.604023008707806e-22,Standard / Value
France,Home Care,1.32,2,0.29,1.2,0,3.660366662606624e-19,Standard / Value
UK,Home Care,15.213,3,0.32,13.83,0,7.79371865643537e-16,Standard / Value
Germany,Food & Refreshment,12.7872,7,0.31,9.99,0,0.0208246257389396,Standard / Value
Spain,Personal Care,2.691,4,0.3,2.07,0,1.884584786577867e-12,Standard / Value
Spain,Food & Refreshment,16.52,3,0.3,14.75,0,7.755342601035564e-16,Standard / Value
Germany,Food & Refreshment,8.9984,4,0.31,7.03,0,1.836450821686088e-12,Standard / Value
UK,Home Care,3.575,4,0.32,2.86,0,1.877051499240945e-12,Standard / Value
France,Food & Refreshment,13.795,9,0.29,8.9,1,0.9999909589456607,Strong Premium
France,Personal Care,9.1885,3,0.29,7.99,0,8.033873248313906e-16,Standard / Value
UK,Food & Refreshment,8.2096,1,0.32,7.33,0,1.559071473788434e-22,Standard / Value
France,Home Care,5.745,10,0.29,3.83,1,0.9999999961284058,Strong Premium
Germany,Personal Care,6.853999999999999,2,0.31,5.96,0,3.570833897806441e-19,Standard / Value
France,Home Care,13.706,3,0.29,12.46,0,7.8482725900735e-16,Standard / Value
UK,Food & Refreshment,5.9985,10,0.32,3.87,1,0.999999996128325,Strong Premium
UK,Home Care,10.9375,7,0.32,8.75,0,0.02095853742622578,Standard / Value
Spain,Home Care,19.11,10,0.3,12.74,1,0.999999995944016,Strong Premium
Germany,Personal Care,7.648000000000001,10,0.31,4.78,1,0.9999999961096144,Strong Premium
UK,Food & Refreshment,10.944,4,0.32,8.55,0,1.822026967514667e-12,Standard / Value
Germany,Home Care,5.577000000000001,1,0.31,5.07,0,1.577505889331754e-22,Standard / Value
UK,Home Care,6.225000000000001,10,0.32,4.15,1,0.9999999961226524,Strong Premium
UK,Food & Refreshment,16.5536,3,0.32,14.78,0,7.755099509404759e-16,Standard / Value
UK,Personal Care,10.896,10,0.32,6.81,1,0.9999999960683459,Strong Premium
France,Personal Care,9.529,4,0.29,7.33,0,1.833342140161744e-12,Standard / Value
France,Food & Refreshment,8.614400000000002,6,0.29,6.73,0,9.511334105804025e-06,Standard / Value
Spain,Personal Care,12.402,6,0.3,9.54,0,9.373192616869454e-06,Standard / Value
France,Personal Care,19.168,10,0.29,11.98,1,0.9999999959598489,Strong Premium
France,Personal Care,16.7555,2,0.29,14.57,0,3.413207857880737e-19,Standard / Value
France,Personal Care,8.432,9,0.29,5.27,1,0.9999911289340561,Strong Premium
France,Home Care,17.805,10,0.29,11.87,1,0.9999999959621722,Strong Premium
Germany,Food & Refreshment,4.6345,8,0.31,2.99,1,0.980456797800717,Strong Premium
Germany,Food & Refreshment,22.94,9,0.31,14.8,1,0.9999906768489896,Strong Premium
France,Food & Refreshment,1.5344,1,0.29,1.37,0,1.608121224481071e-22,Standard / Value
UK,Home Care,8.0875,7,0.32,6.47,0,0.02120456949591533,Standard / Value
France,Food & Refreshment,3.8144,4,0.29,2.98,0,1.875520910163255e-12,Standard / Value
Spain,Food & Refreshment,8.704,7,0.3,6.8,0,0.02116618472588726,Standard / Value
UK,Personal Care,3.77,7,0.32,2.9,0,0.021595490089416,Standard / Value
Germany,Home Care,7.112500000000001,5,0.31,5.69,0,4.205736451323923e-09,Standard / Value
France,Food & Refreshment,15.5456,2,0.29,13.88,0,3.425544816204805e-19,Standard / Value
France,Food & Refreshment,12.096,7,0.29,9.45,0,0.02087971374309526,Standard / Value
France,Personal Care,16.096,8,0.29,10.06,1,0.9797332163713243,Strong Premium
France,Home Care,3.2625,6,0.29,2.61,0,9.718459548214812e-06,Standard / Value
UK,Food & Refreshment,18.0575,10,0.32,11.65,1,0.9999999959675736,Strong Premium
UK,Personal Care,22.336,9,0.32,13.96,1,0.9999907182914165,Strong Premium
Spain,Home Care,6.135,8,0.3,4.09,1,0.9803450712640184,Strong Premium
UK,Home Care,15.87,9,0.32,10.58,1,0.9999908808916204,Strong Premium
UK,Home Care,5.522,2,0.32,5.02,0,3.588653655424131e-19,Standard / Value
France,Home Care,15.884,2,0.29,14.44,0,3.415528810537084e-19,Standard / Value
France,Home Care,6.959999999999999,8,0.29,4.64,1,0.980288367150545,Strong Premium
UK,Food & Refreshment,14.012,10,0.32,9.04,1,0.9999999960222323,Strong Premium
UK,Home Care,5.012499999999999,4,0.32,4.01,0,1.865798157833952e-12,Standard / Value
Spain,Home Care,1.785,10,0.3,1.19,1,0.9999999961817232,Strong Premium
France,Home Care,11.759,3,0.29,10.69,0,7.921247104277459e-16,Standard / Value
France,Home Care,12.012,2,0.29,10.92,0,3.478976541677398e-19,Standard / Value
UK,Home Care,3.487,1,0.32,3.17,0,1.593356458015357e-22,Standard / Value
Spain,Food & Refreshment,2.7776,2,0.3,2.48,0,3.636177738328913e-19,Standard / Value
France,Home Care,2.7125,7,0.29,2.17,0,0.0216722974183305,Standard / Value
Germany,Personal Care,17.368,7,0.31,13.36,0,0.02046832450302701,Standard / Value
Germany,Home Care,10.8,9,0.31,7.2,1,0.999991040081051,Strong Premium
France,Home Care,3.75,7,0.29,3.0,0,0.02158046867229673,Standard / Value
Germany,Home Care,9.015,8,0.31,6.01,1,0.9801519084911263,Strong Premium
France,Home Care,9.889000000000001,3,0.29,8.99,0,7.991974350436888e-16,Standard / Value
Germany,Home Care,1.078,2,0.31,0.98,0,3.665039854503319e-19,Standard / Value
France,Food & Refreshment,1.5104,4,0.29,1.18,0,1.893256776183299e-12,Standard / Value
UK,Food & Refreshment,14.0928,6,0.32,11.01,0,9.302589813497313e-06,Standard / Value
France,Personal Care,14.8925,2,0.29,12.95,0,3.442243474277976e-19,Standard / Value
Germany,Home Care,12.3625,7,0.31,9.89,0,0.02083529069530985,Standard / Value
UK,Home Care,11.605,3,0.32,10.55,0,7.928540646476099e-16,Standard / Value
UK,Home Care,5.775,10,0.32,3.85,1,0.99999999612873,Strong Premium
Germany,Home Care,7.9125,5,0.31,6.33,0,4.191685422674198e-09,Standard / Value
UK,Food & Refreshment,13.2272,2,0.32,11.81,0,3.463475939933958e-19,Standard / Value
UK,Food & Refreshment,22.444,8,0.32,14.48,1,0.9792730040536723,Strong Premium
Spain,Food & Refreshment,5.8112,6,0.3,4.54,0,9.621480512682171e-06,Standard / Value
France,Home Care,17.9875,4,0.29,14.39,0,1.766896085000848e-12,Standard / Value
France,Food & Refreshment,4.236800000000001,7,0.29,3.31,0,0.02154626887793319,Standard / Value
France,Food & Refreshment,18.8288,4,0.29,14.71,0,1.763942086500854e-12,Standard / Value
Spain,Home Care,13.662,3,0.3,12.42,0,7.850406968488252e-16,Standard / Value
France,Food & Refreshment,21.204,9,0.29,13.68,1,0.9999907301255099,Strong Premium
UK,Food & Refreshment,10.0905,9,0.32,6.51,1,0.9999910729098281,Strong Premium
France,Personal Care,18.096,8,0.29,11.31,1,0.979603026373405,Strong Premium
Spain,Food & Refreshment,17.732,9,0.3,11.44,1,0.9999908386422734,Strong Premium
UK,Personal Care,5.928,5,0.32,4.56,0,4.230925924254287e-09,Standard / Value
UK,Home Care,11.325,5,0.32,9.06,0,4.132533645955841e-09,Standard / Value
UK,Home Care,13.525,7,0.32,10.82,0,0.02073758706093823,Standard / Value
Spain,Food & Refreshment,9.945599999999999,7,0.3,7.77,0,0.0210613557248579,Standard / Value
UK,Home Care,10.043,3,0.32,9.13,0,7.987629764806424e-16,Standard / Value
Germany,Food & Refreshment,16.128,1,0.31,14.4,0,1.502392984830986e-22,Standard / Value
Spain,Food & Refreshment,1.3056,6,0.3,1.02,0,9.80020982809885e-06,Standard / Value
Germany,Food & Refreshment,13.9264,6,0.31,10.88,0,9.308331223200734e-06,Standard / Value
Spain,Personal Care,9.952,10,0.3,6.22,1,0.9999999960799646,Strong Premium
France,Food & Refreshment,3.7045,8,0.29,2.39,1,0.9805144249166428,Strong Premium
Spain,Home Care,10.305,8,0.3,6.87,1,0.9800630101542591,Strong Premium
UK,Home Care,15.9125,5,0.32,12.73,0,4.053985740283907e-09,Standard / Value
Germany,Food & Refreshment,13.2864,4,0.31,10.38,0,1.804561998625268e-12,Standard / Value
France,Personal Care,6.591,6,0.29,5.07,0,9.594251212666251e-06,Standard / Value
France,Home Care,6.0875,7,0.29,4.87,0,0.02137496962230765,Standard / Value
Germany,Personal Care,12.2015,1,0.31,10.61,0,1.532463840370092e-22,Standard / Value
Spain,Food & Refreshment,8.2688,5,0.3,6.46,0,4.18857416079482e-09,Standard / Value
UK,Personal Care,11.037,4,0.32,8.49,0,1.822598691951888e-12,Standard / Value
Spain,Personal Care,2.112,10,0.3,1.32,1,0.9999999961791268,Strong Premium
Germany,Food & Refreshment,8.96,1,0.31,8.0,0,1.553521505083239e-22,Standard / Value
UK,Home Care,7.6125,4,0.32,6.09,0,1.845615378049036e-12,Standard / Value
UK,Home Care,6.886,2,0.32,6.26,0,3.565460565396349e-19,Standard / Value
UK,Home Care,10.5125,4,0.32,8.41,0,1.823361270275511e-12,Standard / Value
France,Personal Care,9.685,6,0.29,7.45,0,9.47559323502244e-06,Standard / Value
Germany,Food & Refreshment,3.7072,2,0.31,3.31,0,3.620658117753161e-19,Standard / Value
UK,Home Care,1.287,1,0.32,1.17,0,1.610106981722373e-22,Standard / Value
UK,Home Care,9.4875,5,0.32,7.59,0,4.164420853134312e-09,Standard / Value
Spain,Food & Refreshment,15.221,9,0.3,9.82,1,0.9999909159184031,Strong Premium
Germany,Personal Care,14.404,4,0.31,11.08,0,1.797968926099975e-12,Standard / Value
Spain,Personal Care,18.48,10,0.3,11.55,1,0.9999999959691757,Strong Premium
Germany,Home Care,19.17,9,0.31,12.78,1,0.9999907748049965,Strong Premium
Spain,Personal Care,2.1275,2,0.3,1.85,0,3.64817587368696e-19,Standard / Value
UK,Personal Care,8.073,6,0.32,6.21,0,9.539026621511786e-06,Standard / Value
Germany,Personal Care,8.411,4,0.31,6.47,0,1.841836196208979e-12,Standard / Value
France,Personal Care,5.4395,1,0.29,4.73,0,1.580114577261182e-22,Standard / Value
France,Personal Care,15.296,8,0.29,9.56,1,0.9797850642063175,Strong Premium
Germany,Food & Refreshment,8.2432,6,0.31,6.44,0,9.526963549487862e-06,Standard / Value
Spain,Food & Refreshment,9.8304,6,0.3,7.68,0,9.464798337339183e-06,Standard / Value
Spain,Personal Care,20.432,8,0.3,12.77,1,0.9794511906269244,Strong Premium
France,Personal Care,14.3865,2,0.29,12.51,0,3.450172257248131e-19,Standard / Value
France,Personal Care,5.824000000000001,4,0.29,4.48,0,1.860868006706102e-12,Standard / Value
Spain,Home Care,5.7125,5,0.3,4.57,0,4.230173683710608e-09,Standard / Value
Spain,Personal Care,22.32,10,0.3,13.95,1,0.9999999959182724,Strong Premium
UK,Personal Care,19.292,4,0.32,14.84,0,1.763075362347338e-12,Standard / Value
Spain,Personal Care,17.992,6,0.3,13.84,0,9.164795685868453e-06,Standard / Value
UK,Home Care,14.58,10,0.32,9.72,1,0.9999999960080637,Strong Premium
UK,Home Care,12.51,10,0.32,8.34,1,0.9999999960367654,Strong Premium
Spain,Personal Care,15.3525,3,0.3,13.35,0,7.812323880327408e-16,Standard / Value
Germany,Food & Refreshment,9.1904,5,0.31,7.18,0,4.173096449112971e-09,Standard / Value
UK,Food & Refreshment,0.9145,8,0.32,0.59,1,0.9806970044986419,Strong Premium
Spain,Personal Care,3.266,3,0.3,2.84,0,8.253674490016619e-16,Standard / Value
France,Personal Care,1.573,7,0.29,1.21,0,0.02177898558064958,Standard / Value
France,Personal Care,1.296,9,0.29,0.81,1,0.9999913334208314,Strong Premium
Germany,Food & Refreshment,6.2155,9,0.31,4.01,1,0.9999911882941103,Strong Premium
UK,Personal Care,14.48,10,0.32,9.05,1,0.9999999960220245,Strong Premium
France,Food & Refreshment,13.299,10,0.29,8.58,1,0.9999999960310415,Strong Premium
Germany,Personal Care,7.436,4,0.31,5.72,0,1.849073498397013e-12,Standard / Value
UK,Home Care,10.186,1,0.32,9.26,0,1.543416716433222e-22,Standard / Value
UK,Home Care,3.410000000000001,3,0.32,3.1,0,8.243495747602578e-16,Standard / Value
France,Food & Refreshment,4.4016,3,0.29,3.93,0,8.206251176140459e-16,Standard / Value
Germany,Food & Refreshment,11.76,1,0.31,10.5,0,1.533345539479667e-22,Standard / Value
France,Home Care,12.33,9,0.29,8.22,1,0.999990991035296,Strong Premium
UK,Personal Care,13.611,7,0.32,10.47,0,0.02077478500164312,Standard / Value
UK,Personal Care,17.914,6,0.32,13.78,0,9.168822241983093e-06,Standard / Value
Germany,Personal Care,18.005,7,0.31,13.85,0,0.02041701758457106,Standard / Value
Spain,Home Care,14.46,10,0.3,9.64,1,0.9999999960092323,Strong Premium
Germany,Personal Care,1.725,2,0.31,1.5,0,3.655087993018861e-19,Standard / Value
Spain,Home Care,21.945,9,0.3,14.63,1,0.9999906845481185,Strong Premium
France,Personal Care,22.816,10,0.29,14.26,1,0.9999999959113941,Strong Premium
France,Personal Care,18.288,10,0.29,11.43,1,0.9999999959714514,Strong Premium
Germany,Home Care,8.129,2,0.31,7.39,0,3.544233043482245e-19,Standard / Value
Germany,Home Care,8.0625,4,0.31,6.45,0,1.842028822820223e-12,Standard / Value
Spain,Home Care,10.516,3,0.3,9.56,0,7.968689934483701e-16,Standard / Value
UK,Food & Refreshment,10.0096,5,0.32,7.82,0,4.159415509529074e-09,Standard / Value
France,Personal Care,3.042,4,0.29,2.34,0,1.881807879602826e-12,Standard / Value
France,Home Care,5.4375,4,0.29,4.35,0,1.862133381310615e-12,Standard / Value
Spain,Food & Refreshment,3.4384,2,0.3,3.07,0,3.624977172837227e-19,Standard / Value
Spain,Personal Care,8.625,2,0.3,7.5,0,3.541972745520394e-19,Standard / Value
UK,Home Care,8.45,6,0.32,6.76,0,9.51163291179911e-06,Standard / Value
Spain,Food & Refreshment,13.7424,3,0.3,12.27,0,7.856566764562151e-16,Standard / Value
UK,Personal Care,18.707,4,0.32,14.39,0,1.767228793516834e-12,Standard / Value
Germany,Personal Care,7.059,6,0.31,5.43,0,9.57741011455618e-06,Standard / Value
Germany,Home Care,11.6125,4,0.31,9.29,0,1.814876520629045e-12,Standard / Value
Germany,Home Care,5.350000000000001,4,0.31,4.28,0,1.863048932670187e-12,Standard / Value
Spain,Personal Care,8.398,5,0.3,6.46,0,4.18857416079482e-09,Standard / Value
France,Home Care,21.195,10,0.29,14.13,1,0.9999999959141725,Strong Premium
Germany,Personal Care,1.518,1,0.31,1.32,0,1.608743637339159e-22,Standard / Value
Germany,Home Care,12.625,5,0.31,10.1,0,4.109863627565047e-09,Standard / Value
Spain,Home Care,18.06,8,0.3,12.04,1,0.9795278756030227,Strong Premium
UK,Personal Care,13.696,8,0.32,8.56,1,0.9798920806497051,Strong Premium
Germany,Home Care,1.265,1,0.31,1.15,0,1.610174313629729e-22,Standard / Value
Spain,Personal Care,6.981000000000001,4,0.3,5.37,0,1.852344372609421e-12,Standard / Value
Germany,Food & Refreshment,8.2925,9,0.31,5.35,1,0.9999911263363226,Strong Premium
France,Personal Care,6.072,1,0.29,5.28,0,1.575576838404095e-22,Standard / Value
UK,Food & Refreshment,3.5584,6,0.32,2.78,0,9.711652914082076e-06,Standard / Value
Spain,Home Care,5.4625,7,0.3,4.37,0,0.02143104384105525,Standard / Value
Spain,Home Care,2.125,4,0.3,1.7,0,1.888234427724032e-12,Standard / Value
France,Home Care,13.625,7,0.29,10.9,0,0.02072527213770089,Standard / Value
Germany,Personal Care,3.653,7,0.31,2.81,0,0.02160410912177792,Standard / Value
France,Home Care,10.109,1,0.29,9.19,0,1.543691070004072e-22,Standard / Value
France,Food & Refreshment,16.448,6,0.29,12.85,0,9.211782929103165e-06,Standard / Value
Germany,Home Care,3.9125,7,0.31,3.13,0,0.02156876917176841,Standard / Value
Germany,Personal Care,4.806999999999999,2,0.31,4.18,0,3.604224549135257e-19,Standard / Value
France,Home Care,15.774,2,0.29,14.34,0,3.417315232620457e-19,Standard / Value
Spain,Food & Refreshment,11.5072,4,0.3,8.99,0,1.817611632867619e-12,Standard / Value
UK,Personal Care,5.657999999999999,2,0.32,4.92,0,3.59053062689624e-19,Standard / Value
France,Personal Care,13.1215,3,0.29,11.41,0,7.891481043205926e-16,Standard / Value
France,Personal Care,7.712000000000001,8,0.29,4.82,1,0.9802701719072544,Strong Premium
Germany,Food & Refreshment,17.2544,7,0.31,13.48,0,0.0204557478832941,Standard / Value
France,Food & Refreshment,14.336,7,0.29,11.2,0,0.02069345858735075,Standard / Value
France,Personal Care,1.014,7,0.29,0.78,0,0.02182693934565497,Standard / Value
Germany,Personal Care,23.504,8,0.31,14.69,1,0.9792494290061137,Strong Premium
Spain,Personal Care,9.997000000000002,7,0.3,7.69,0,0.02106998216019572,Standard / Value
UK,Personal Care,17.264,5,0.32,13.28,0,4.042343591790292e-09,Standard / Value
UK,Home Care,1.76,1,0.32,1.6,0,1.606490821921076e-22,Standard / Value
Spain,Home Care,14.0875,7,0.3,11.27,0,0.02068731376798736,Standard / Value
Germany,Food & Refreshment,11.7025,8,0.31,7.55,1,0.9799946458680323,Strong Premium
France,Personal Care,7.072000000000001,6,0.29,5.44,0,9.575707308276247e-06,Standard / Value
France,Home Care,7.964000000000001,2,0.29,7.24,0,3.546568813025114e-19,Standard / Value
Spain,Personal Care,5.28,9,0.3,3.3,1,0.9999912203959715,Strong Premium
Germany,Personal Care,11.1435,3,0.31,9.69,0,7.963774774265629e-16,Standard / Value
UK,Home Care,14.7,8,0.32,9.8,1,0.9797639268296043,Strong Premium
Germany,Food & Refreshment,0.8064,6,0.31,0.63,0,9.82083175130354e-06,Standard / Value
Germany,Home Care,3.78,10,0.31,2.52,1,0.9999999961553179,Strong Premium
UK,Personal Care,3.52,8,0.32,2.2,1,0.9805369910460588,Strong Premium
France,Food & Refreshment,4.1344,4,0.29,3.23,0,1.873070771495405e-12,Standard / Value
France,Home Care,17.1125,7,0.29,13.69,0,0.02043124467280795,Standard / Value
Germany,Personal Care,17.108,6,0.31,13.16,0,9.198017635392201e-06,Standard / Value
UK,Home Care,11.145,10,0.32,7.43,1,0.999999996055579,Strong Premium
Spain,Home Care,1.675,7,0.3,1.34,0,0.02176584449577989,Standard / Value
Spain,Home Care,7.74,10,0.3,5.16,1,0.9999999961016319,Strong Premium
Germany,Personal Care,3.12,4,0.31,2.4,0,1.881453731558848e-12,Standard / Value
UK,Food & Refreshment,3.2256,7,0.32,2.52,0,0.02163751342976087,Standard / Value
Germany,Food & Refreshment,1.86,10,0.31,1.2,1,0.9999999961817632,Strong Premium
Germany,Personal Care,11.201,3,0.31,9.74,0,7.961692946586595e-16,Standard / Value
Germany,Home Care,15.66,9,0.31,10.44,1,0.9999908869928386,Strong Premium
Spain,Home Care,14.3125,4,0.3,11.45,0,1.794381132137045e-12,Standard / Value
UK,Personal Care,4.511,6,0.32,3.47,0,9.676677135248946e-06,Standard / Value
France,Personal Care,14.235,4,0.29,10.95,0,1.798965705437446e-12,Standard / Value
Germany,Personal Care,16.302,6,0.31,12.54,0,9.227885121008014e-06,Standard / Value
Germany,Home Care,1.185,8,0.31,0.79,1,0.9806760080944215,Strong Premium
UK,Home Care,4.425,4,0.32,3.54,0,1.87038917443703e-12,Standard / Value
Spain,Food & Refreshment,21.9015,10,0.3,14.13,1,0.999999995914429,Strong Premium
UK,Home Care,17.9875,7,0.32,14.39,0,0.02036187299584259,Standard / Value
Germany,Home Care,4.17,8,0.31,2.78,1,0.9804778272040668,Strong Premium
France,Home Care,2.25,7,0.29,1.8,0,0.02171335615284299,Standard / Value
France,Home Care,18.3875,6,0.29,14.71,0,9.122626013826343e-06,Standard / Value
France,Food & Refreshment,14.1792,2,0.29,12.66,0,3.447467213408838e-19,Standard / Value
France,Food & Refreshment,13.3632,6,0.29,10.44,0,9.328600605583616e-06,Standard / Value
UK,Home Care,3.57,9,0.32,2.38,1,0.9999912636261217,Strong Premium
France,Home Care,4.275,6,0.29,3.42,0,9.677385128565406e-06,Standard / Value
Spain,Food & Refreshment,15.0416,2,0.3,13.43,0,3.433830176693038e-19,Standard / Value
France,Home Care,16.0625,7,0.29,12.85,0,0.02051933671499801,Standard / Value
UK,Personal Care,5.642,5,0.32,4.34,0,4.23579582936399e-09,Standard / Value
Spain,Home Care,8.129,2,0.3,7.39,0,3.54401061038454e-19,Standard / Value
Germany,Home Care,6.885,10,0.31,4.59,1,0.9999999961134776,Strong Premium
France,Home Care,0.682,1,0.29,0.62,0,1.614440168196331e-22,Standard / Value
Spain,Personal Care,6.739,3,0.3,5.86,0,8.124361450960195e-16,Standard / Value
Spain,Home Care,2.575,6,0.3,2.06,0,9.74706062873465e-06,Standard / Value
Germany,Food & Refreshment,8.323500000000001,10,0.31,5.37,1,0.9999999960975938,Strong Premium
Germany,Food & Refreshment,14.012,9,0.31,9.04,1,0.9999909534603989,Strong Premium
France,Food & Refreshment,10.5056,2,0.29,9.38,0,3.50710426355154e-19,Standard / Value
France,Home Care,10.05,10,0.29,6.7,1,0.9999999960698667,Strong Premium
France,Home Care,17.3,4,0.29,13.84,0,1.771984832706386e-12,Standard / Value
UK,Personal Care,18.213,7,0.32,14.01,0,0.02040154585764088,Standard / Value
Spain,Food & Refreshment,4.9664,6,0.3,3.88,0,9.654742166084324e-06,Standard / Value
Germany,Personal Care,12.65,1,0.31,11.0,0,1.529341899524567e-22,Standard / Value
Germany,Food & Refreshment,2.4025,8,0.31,1.55,1,0.9806005547706683,Strong Premium
Spain,Personal Care,2.886499999999999,3,0.3,2.51,0,8.2679288789509e-16,Standard / Value
Germany,Home Care,1.881,2,0.31,1.71,0,3.651076636289758e-19,Standard / Value
Spain,Home Care,2.34,10,0.3,1.56,1,0.9999999961743289,Strong Premium
Spain,Home Care,4.433000000000001,3,0.3,4.03,0,8.202476089530906e-16,Standard / Value
Germany,Home Care,4.23,10,0.31,2.82,1,0.999999996149282,Strong Premium
Germany,Personal Care,14.326,7,0.31,11.02,0,0.02071508716469025,Standard / Value
UK,Food & Refreshment,12.0435,10,0.32,7.77,1,0.9999999960485602,Strong Premium
France,Food & Refreshment,3.9536,3,0.29,3.53,0,8.223433093705695e-16,Standard / Value
Spain,Food & Refreshment,13.0816,2,0.3,11.68,0,3.465396062802974e-19,Standard / Value
Germany,Home Care,0.8910000000000001,3,0.31,0.81,0,8.342275132198264e-16,Standard / Value
UK,Personal Care,19.37,5,0.32,14.9,0,4.008246080012389e-09,Standard / Value
UK,Food & Refreshment,10.8192,1,0.32,9.66,0,1.540191924732688e-22,Standard / Value
Germany,Home Care,11.22,9,0.31,7.48,1,0.9999910269533474,Strong Premium
France,Home Care,15.345,3,0.29,13.95,0,7.787363486822323e-16,Standard / Value
France,Personal Care,3.718,7,0.29,2.86,0,0.02159593113646975,Standard / Value
Germany,Food & Refreshment,5.952,10,0.31,3.84,1,0.9999999961286894,Strong Premium
Germany,Personal Care,6.435,5,0.31,4.95,0,4.2220416783563e-09,Standard / Value
UK,Personal Care,15.7435,1,0.32,13.69,0,1.508075688186554e-22,Standard / Value
Germany,Home Care,5.205,8,0.31,3.47,1,0.9804086471899317,Strong Premium
Germany,Home Care,16.215,8,0.31,10.81,1,0.9796577019725569,Strong Premium
Germany,Personal Care,16.211,7,0.31,12.47,0,0.02056183768559695,Standard / Value
Germany,Food & Refreshment,2.1545,9,0.31,1.39,1,0.9999913081884308,Strong Premium
UK,Home Care,5.0625,5,0.32,4.05,0,4.242223815209752e-09,Standard / Value
France,Personal Care,13.546,4,0.29,10.42,0,1.803958150055197e-12,Standard / Value
UK,Personal Care,15.015,7,0.32,11.55,0,0.02066021245598261,Standard / Value
UK,Food & Refreshment,10.7008,4,0.32,8.36,0,1.823838043744011e-12,Standard / Value
Spain,Food & Refreshment,10.726,8,0.3,6.92,1,0.9800579009804657,Strong Premium
UK,Personal Care,12.857,3,0.32,11.18,0,7.902465230388204e-16,Standard / Value
France,Food & Refreshment,12.0064,7,0.29,9.38,0,0.02088719797729453,Standard / Value
UK,Personal Care,21.6,10,0.32,13.5,1,0.9999999959283767,Strong Premium
UK,Home Care,4.5,6,0.32,3.6,0,9.67010161105764e-06,Standard / Value
Germany,Personal Care,1.937,7,0.31,1.49,0,0.02175048589276323,Standard / Value
Germany,Personal Care,5.057,5,0.31,3.89,0,4.245508003587375e-09,Standard / Value
France,Food & Refreshment,1.9065,8,0.29,1.23,1,0.9806299755964134,Strong Premium
UK,Food & Refreshment,14.911,8,0.32,9.62,1,0.9797825793133917,Strong Premium
Spain,Food & Refreshment,12.5552,2,0.3,11.21,0,3.473923078865136e-19,Standard / Value
France,Personal Care,11.088,8,0.29,6.93,1,0.9800556522638524,Strong Premium
France,Personal Care,12.155,5,0.29,9.35,0,4.12549503166436e-09,Standard / Value
Germany,Personal Care,17.732,5,0.31,13.64,0,4.0344881693335e-09,Standard / Value
Germany,Home Care,5.64,8,0.31,3.76,1,0.9803794998757497,Strong Premium
UK,Food & Refreshment,7.0784,6,0.32,5.53,0,9.57300430174539e-06,Standard / Value
UK,Food & Refreshment,12.431,10,0.32,8.02,1,0.9999999960433914,Strong Premium
Germany,Food & Refreshment,4.309,9,0.31,2.78,1,0.9999912447849495,Strong Premium
Spain,Food & Refreshment,6.4945,10,0.3,4.19,1,0.9999999961213546,Strong Premium
Spain,Food & Refreshment,10.168,9,0.3,6.56,1,0.9999910694546867,Strong Premium
UK,Home Care,15.9,10,0.32,10.6,1,0.9999999959896526,Strong Premium
France,Food & Refreshment,15.5136,6,0.29,12.12,0,9.247012248720594e-06,Standard / Value
UK,Food & Refreshment,0.6944,1,0.32,0.62,0,1.614744169092065e-22,Standard / Value
Spain,Home Care,16.53,9,0.3,11.02,1,0.9999908587397226,Strong Premium
UK,Personal Care,0.575,2,0.32,0.5,0,3.674480843859715e-19,Standard / Value
UK,Personal Care,12.636,7,0.32,9.72,0,0.0208547149215898,Standard / Value
Spain,Home Care,13.4,7,0.3,10.72,0,0.02074565821371731,Standard / Value
France,Personal Care,0.8960000000000001,8,0.29,0.56,1,0.9806964097803521,Strong Premium
France,Home Care,14.7,4,0.29,11.76,0,1.791362423555533e-12,Standard / Value
UK,Home Care,12.243,2,0.32,11.13,0,3.475812838573993e-19,Standard / Value
UK,Home Care,1.1875,5,0.32,0.95,0,4.311549231525644e-09,Standard / Value
Spain,Food & Refreshment,2.0096,6,0.3,1.57,0,9.772066072568085e-06,Standard / Value
UK,Personal Care,3.523,4,0.32,2.71,0,1.878524321542002e-12,Standard / Value
Germany,Personal Care,4.991,3,0.31,4.34,0,8.189704892867091e-16,Standard / Value
UK,Food & Refreshment,12.121,10,0.32,7.82,1,0.999999996047527,Strong Premium
Germany,Personal Care,11.712,9,0.31,7.32,1,0.9999910344572458,Strong Premium
UK,Personal Care,4.608,9,0.32,2.88,1,0.9999912407555072,Strong Premium
UK,Home Care,11.9625,4,0.32,9.57,0,1.812335045584367e-12,Standard / Value
France,Personal Care,0.759,2,0.29,0.66,0,3.670716754670879e-19,Standard / Value
Spain,Food & Refreshment,8.1024,4,0.3,6.33,0,1.843069328873002e-12,Standard / Value
UK,Home Care,12.85,4,0.32,10.28,0,1.805619156803104e-12,Standard / Value
Germany,Food & Refreshment,16.1792,7,0.31,12.64,0,0.02054394335863692,Standard / Value
Spain,Personal Care,11.472,9,0.3,7.17,1,0.9999910409241919,Strong Premium
Spain,Food & Refreshment,4.2935,8,0.3,2.77,1,0.9804776267605388,Strong Premium
Spain,Personal Care,13.984,3,0.3,12.16,0,7.861087019943158e-16,Standard / Value
France,Home Care,13.4625,6,0.29,10.77,0,9.312517706846424e-06,Standard / Value
Spain,Home Care,2.959,2,0.3,2.69,0,3.632187135074841e-19,Standard / Value
UK,Personal Care,1.886,2,0.32,1.64,0,3.652642502595092e-19,Standard / Value
Spain,Food & Refreshment,3.4608,3,0.3,3.09,0,8.242892073830085e-16,Standard / Value
France,Personal Care,15.509,4,0.29,11.93,0,1.78977075753186e-12,Standard / Value
UK,Personal Care,7.475,3,0.32,6.5,0,8.098235054916391e-16,Standard / Value
Germany,Home Care,5.300000000000001,6,0.31,4.24,0,9.637190033172296e-06,Standard / Value
Spain,Food & Refreshment,8.246,9,0.3,5.32,1,0.999991127171347,Strong Premium
Germany,Personal Care,0.7150000000000001,7,0.31,0.55,0,0.02185531460480527,Standard / Value
France,Food & Refreshment,14.2912,3,0.29,12.76,0,7.835970828090233e-16,Standard / Value
Spain,Personal Care,15.916,2,0.3,13.84,0,3.426476410874914e-19,Standard / Value
Germany,Personal Care,12.532,5,0.31,9.64,0,4.119761007174959e-09,Standard / Value
UK,Home Care,14.6625,7,0.32,11.73,0,0.02064117726054993,Standard / Value
Germany,Home Care,4.796000000000001,2,0.31,4.36,0,3.600833824222841e-19,Standard / Value
France,Food & Refreshment,10.9312,6,0.29,8.54,0,9.421740924429716e-06,Standard / Value
Spain,Personal Care,3.042,4,0.3,2.34,0,1.881925987701802e-12,Standard / Value
UK,Personal Care,7.696,8,0.32,4.81,1,0.9802748241802586,Strong Premium
Germany,Food & Refreshment,19.5765,10,0.31,12.63,1,0.9999999959466028,Strong Premium
Spain,Food & Refreshment,2.9568,6,0.3,2.31,0,9.734327410169484e-06,Standard / Value
Spain,Food & Refreshment,7.936000000000001,4,0.3,6.2,0,1.844322600526182e-12,Standard / Value
France,Home Care,5.595,10,0.29,3.73,1,0.9999999961304298,Strong Premium
Germany,Home Care,5.401000000000001,2,0.31,4.91,0,3.590493027550735e-19,Standard / Value
Spain,Food & Refreshment,14.6176,7,0.3,11.42,0,0.02067142954206987,Standard / Value
Germany,Personal Care,10.12,2,0.31,8.8,0,3.518198260477216e-19,Standard / Value
France,Home Care,5.148,1,0.29,4.68,0,1.580527746455845e-22,Standard / Value
UK,Home Care,4.081,3,0.32,3.71,0,8.217243808344308e-16,Standard / Value
UK,Home Care,9.4125,7,0.32,7.53,0,0.02108983666208484,Standard / Value
UK,Home Care,6.248,3,0.32,5.68,0,8.133032567930315e-16,Standard / Value
UK,Food & Refreshment,20.336,8,0.32,13.12,1,0.9794168548026827,Strong Premium
Germany,Food & Refreshment,4.4928,5,0.31,3.51,0,4.253952181521655e-09,Standard / Value
Germany,Home Care,8.371,3,0.31,7.61,0,8.050862861218979e-16,Standard / Value
Spain,Personal Care,5.52,9,0.3,3.45,1,0.9999912135071447,Strong Premium
UK,Personal Care,3.104,9,0.32,1.94,1,0.9999912837028607,Strong Premium
UK,Home Care,8.2125,6,0.32,6.57,0,9.52108728792131e-06,Standard / Value
Spain,Personal Care,18.434,4,0.3,14.18,0,1.768948352164765e-12,Standard / Value
Spain,Food & Refreshment,2.5088,7,0.3,1.96,0,0.02169692383703997,Standard / Value
UK,Personal Care,11.0285,3,0.32,9.59,0,7.968440155469203e-16,Standard / Value
Spain,Home Care,3.091,1,0.3,2.81,0,1.596158272865724e-22,Standard / Value
Spain,Home Care,7.007000000000001,3,0.3,6.37,0,8.102724650512573e-16,Standard / Value
UK,Personal Care,21.872,10,0.32,13.67,1,0.9999999959247556,Strong Premium
France,Home Care,7.007000000000001,1,0.29,6.37,0,1.566622332803485e-22,Standard / Value
Germany,Personal Care,5.472,8,0.31,3.42,1,0.9804136682982719,Strong Premium
Germany,Food & Refreshment,16.5632,6,0.31,12.94,0,9.20860469401436e-06,Standard / Value
Spain,Home Care,4.873,2,0.3,4.43,0,3.599290167992467e-19,Standard / Value
France,Personal Care,3.7375,3,0.29,3.25,0,8.235481836532067e-16,Standard / Value
UK,Personal Care,1.495,3,0.32,1.3,0,8.321450376273625e-16,Standard / Value
France,Home Care,13.409,2,0.29,12.19,0,3.455950113420774e-19,Standard / Value
UK,Personal Care,17.808,9,0.32,11.13,1,0.9999908546283794,Strong Premium
UK,Personal Care,8.645000000000001,6,0.32,6.65,0,9.517105353127691e-06,Standard / Value
Germany,Home Care,10.675,5,0.31,8.54,0,4.143525408206816e-09,Standard / Value
UK,Food & Refreshment,15.7136,1,0.32,14.03,0,1.505396960064783e-22,Standard / Value
UK,Home Care,12.885,9,0.32,8.59,1,0.9999909752882592,Strong Premium
France,Home Care,3.25,5,0.29,2.6,0,4.273705618076278e-09,Standard / Value
Spain,Home Care,5.535,9,0.3,3.69,1,0.9999912024737769,Strong Premium
France,Personal Care,2.864,8,0.29,1.79,1,0.9805742766124955,Strong Premium
Germany,Food & Refreshment,2.666,9,0.31,1.72,1,0.9999912931774942,Strong Premium
France,Home Care,6.633000000000001,2,0.29,6.03,0,3.569079095894041e-19,Standard / Value
UK,Personal Care,2.1275,2,0.32,1.85,0,3.648633829723281e-19,Standard / Value
France,Food & Refreshment,2.2165,8,0.29,1.43,1,0.9806101010964231,Strong Premium
UK,Food & Refreshment,3.8905,8,0.32,2.51,1,0.9805060320721432,Strong Premium
Germany,Home Care,9.625,2,0.31,8.75,0,3.519118200817559e-19,Standard / Value
France,Food & Refreshment,13.5935,9,0.29,8.77,1,0.9999909650892685,Strong Premium
France,Personal Care,11.937,1,0.29,10.38,0,1.534115393894747e-22,Standard / Value
UK,Personal Care,15.938,4,0.32,12.26,0,1.787021523745273e-12,Standard / Value
Germany,Home Care,4.0375,4,0.31,3.23,0,1.873305898335766e-12,Standard / Value
Germany,Food & Refreshment,2.79,10,0.31,1.8,1,0.9999999961697652,Strong Premium
UK,Personal Care,16.79,3,0.32,14.6,0,7.762402098301788e-16,Standard / Value
Germany,Personal Care,12.701,5,0.31,9.77,0,4.116961507962934e-09,Standard / Value
Spain,Personal Care,10.023,7,0.3,7.71,0,0.02106782522730153,Standard / Value
Germany,Home Care,6.303000000000001,2,0.31,5.73,0,3.575130956046747e-19,Standard / Value
Spain,Home Care,18.135,10,0.3,12.09,1,0.9999999959577781,Strong Premium
Germany,Food & Refreshment,11.9728,2,0.31,10.69,0,3.483600302871928e-19,Standard / Value
France,Home Care,2.101,3,0.29,1.91,0,8.293388531147308e-16,Standard / Value
UK,Personal Care,6.5665,2,0.32,5.71,0,3.575729267345151e-19,Standard / Value
Spain,Home Care,8.646,1,0.3,7.86,0,1.554561607409449e-22,Standard / Value
Germany,Food & Refreshment,16.8576,7,0.31,13.17,0,0.02048825296912603,Standard / Value
Spain,Home Care,5.274999999999999,7,0.3,4.22,0,0.02144749898248322,Standard / Value
UK,Food & Refreshment,2.8365,10,0.32,1.83,1,0.9999999961694048,Strong Premium
UK,Personal Care,1.334,2,0.32,1.16,0,3.661821729602613e-19,Standard / Value
France,Personal Care,3.872,8,0.29,2.42,1,0.9805114275920155,Strong Premium
France,Home Care,17.6125,6,0.29,14.09,0,9.152248692609522e-06,Standard / Value
UK,Home Care,16.025,7,0.32,12.82,0,0.02052627481337023,Standard / Value
France,Home Care,12.826,2,0.29,11.66,0,3.46554097971179e-19,Standard / Value
UK,Personal Care,6.201,4,0.32,4.77,0,1.858398218244736e-12,Standard / Value
UK,Home Care,17.95,7,0.32,14.36,0,0.02036500231537513,Standard / Value
UK,Personal Care,17.329,7,0.32,13.33,0,0.02047272838920562,Standard / Value
Spain,Food & Refreshment,11.5785,10,0.3,7.47,1,0.9999999960542587,Strong Premium
UK,Personal Care,15.744,8,0.32,9.84,1,0.9797597795450502,Strong Premium
France,Personal Care,9.66,2,0.29,8.4,0,3.525122012957248e-19,Standard / Value
Germany,Home Care,1.875,10,0.31,1.25,1,0.9999999961807648,Strong Premium
Spain,Personal Care,13.9265,1,0.3,12.11,0,1.520395718016799e-22,Standard / Value
Germany,Food & Refreshment,0.6496000000000001,2,0.31,0.58,0,3.672713567055096e-19,Standard / Value
Germany,Personal Care,1.311,1,0.31,1.14,0,1.61025851066992e-22,Standard / Value
Germany,Home Care,5.699999999999999,4,0.31,4.56,0,1.860323239394655e-12,Standard / Value
Germany,Home Care,10.605,8,0.31,7.07,1,0.9800437932783691,Strong Premium
France,Personal Care,19.214,6,0.29,14.78,0,9.119287547132447e-06,Standard / Value
UK,Food & Refreshment,6.8224,6,0.32,5.33,0,9.583020750492375e-06,Standard / Value
Germany,Food & Refreshment,2.48,10,0.31,1.6,1,0.9999999961737689,Strong Premium
UK,Home Care,13.486,1,0.32,12.26,0,1.519394385687296e-22,Standard / Value
Germany,Food & Refreshment,4.032000000000001,1,0.31,3.6,0,1.589678145298039e-22,Standard / Value
France,Food & Refreshment,4.267200000000001,2,0.29,3.81,0,3.610751144793638e-19,Standard / Value
France,Personal Care,17.28,10,0.29,10.8,1,0.9999999959847004,Strong Premium
France,Home Care,7.073,3,0.29,6.43,0,8.099674575222965e-16,Standard / Value
France,Food & Refreshment,2.1952,1,0.29,1.96,0,1.603167707796915e-22,Standard / Value
France,Personal Care,2.847,4,0.29,2.19,0,1.883284433982123e-12,Standard / Value
UK,Food & Refreshment,14.7728,3,0.32,13.19,0,7.819844129496372e-16,Standard / Value
UK,Personal Care,12.142,6,0.32,9.34,0,9.384177838409724e-06,Standard / Value
Germany,Food & Refreshment,1.472,5,0.31,1.15,0,4.306772326825957e-09,Standard / Value
UK,Food & Refreshment,16.8175,8,0.32,10.85,1,0.97965478431768,Strong Premium
Spain,Personal Care,10.725,7,0.3,8.25,0,0.02100966963973761,Standard / Value
UK,Food & Refreshment,12.0704,4,0.32,9.43,0,1.813662250778369e-12,Standard / Value
UK,Personal Care,13.0755,1,0.32,11.37,0,1.526481738289032e-22,Standard / Value
Spain,Home Care,3.729000000000001,2,0.3,3.39,0,3.618916727504888e-19,Standard / Value
UK,Home Care,5.115000000000001,1,0.32,4.65,0,1.581073361666532e-22,Standard / Value
France,Home Care,10.4,7,0.29,8.32,0,0.02100085206705939,Standard / Value
France,Personal Care,8.928,10,0.29,5.58,1,0.9999999960928159,Strong Premium
Germany,Food & Refreshment,18.2528,5,0.31,14.26,0,4.021429800739672e-09,Standard / Value
Germany,Home Care,9.862499999999999,5,0.31,7.89,0,4.157632392630953e-09,Standard / Value
France,Home Care,14.0,6,0.29,11.2,0,9.291602798916156e-06,Standard / Value
Spain,Home Care,13.075,6,0.3,10.46,0,9.328210519487184e-06,Standard / Value
France,Food & Refreshment,7.448000000000001,3,0.29,6.65,0,8.090362358969703e-16,Standard / Value
UK,Personal Care,0.8969999999999999,2,0.32,0.78,0,3.669104974470786e-19,Standard / Value
Spain,Home Care,7.5,9,0.3,5.0,1,0.9999911420053209,Strong Premium
Germany,Home Care,9.51,8,0.31,6.34,1,0.9801183116439278,Strong Premium
Spain,Home Care,8.14,1,0.3,7.4,0,1.558305304965669e-22,Standard / Value
Germany,Food & Refreshment,1.5616,6,0.31,1.22,0,9.79058081194461e-06,Standard / Value
Germany,Home Care,13.167,2,0.31,11.97,0,3.460362326609774e-19,Standard / Value
UK,Home Care,13.618,1,0.32,12.38,0,1.51844130845955e-22,Standard / Value
UK,Food & Refreshment,8.32,5,0.32,6.5,0,4.188223864821104e-09,Standard / Value
Germany,Home Care,0.765,8,0.31,0.51,1,0.9807037341057809,Strong Premium
Spain,Food & Refreshment,3.606400000000001,2,0.3,3.22,0,3.622135076432225e-19,Standard / Value
Spain,Personal Care,4.255,3,0.3,3.7,0,8.216642057009539e-16,Standard / Value
Spain,Personal Care,7.527,7,0.3,5.79,0,0.02127587904327569,Standard / Value
Germany,Home Care,9.3625,5,0.31,7.49,0,4.166337475525176e-09,Standard / Value
France,Home Care,11.73,8,0.29,7.82,1,0.9799644839975051,Strong Premium
UK,Home Care,7.458000000000001,1,0.32,6.78,0,1.563561676382902e-22,Standard / Value
France,Food & Refreshment,13.609,9,0.29,8.78,1,0.9999909646168317,Strong Premium
Germany,Food & Refreshment,6.556500000000001,8,0.31,4.23,1,0.9803321708536238,Strong Premium
Spain,Personal Care,9.616,10,0.3,6.01,1,0.9999999960842667,Strong Premium
France,Food & Refreshment,21.576,8,0.29,13.92,1,0.9793285442164142,Strong Premium
UK,Home Care,19.56,10,0.32,13.04,1,0.9999999959381585,Strong Premium
Spain,Personal Care,16.328,4,0.3,12.56,0,1.78399651445623e-12,Standard / Value
UK,Food & Refreshment,1.364,9,0.32,0.88,1,0.9999913318802972,Strong Premium
France,Personal Care,6.416,9,0.29,4.01,1,0.9999911871879854,Strong Premium
Germany,Home Care,10.975,4,0.31,8.78,0,1.819722806638704e-12,Standard / Value
UK,Personal Care,5.98,6,0.32,4.6,0,9.6196698093886e-06,Standard / Value
Spain,Personal Care,10.881,7,0.3,8.37,0,0.02099676752425269,Standard / Value
UK,Home Care,16.159,1,0.32,14.69,0,1.500210651323618e-22,Standard / Value
France,Personal Care,3.104,8,0.29,1.94,1,0.980559330603468,Strong Premium
France,Food & Refreshment,13.8112,6,0.29,10.79,0,9.311543877337106e-06,Standard / Value
UK,Food & Refreshment,18.6,9,0.32,12.0,1,0.9999908129301699,Strong Premium
UK,Food & Refreshment,7.734500000000001,9,0.32,4.99,1,0.9999911435802205,Strong Premium
UK,Food & Refreshment,9.1776,7,0.32,7.17,0,0.0211287342524412,Standard / Value
Spain,Food & Refreshment,21.762,8,0.3,14.04,1,0.9793171090472376,Strong Premium
Spain,Food & Refreshment,5.5936,7,0.3,4.37,0,0.02143104384105525,Standard / Value
UK,Personal Care,18.4,8,0.32,11.5,1,0.9795869312537598,Strong Premium
UK,Home Care,8.879999999999999,8,0.32,5.92,1,0.9801622819856183,Strong Premium
UK,Personal Care,9.217,5,0.32,7.09,0,4.175322824533271e-09,Standard / Value
Spain,Personal Care,12.87,7,0.3,9.9,0,0.02083294366059052,Standard / Value
UK,Home Care,3.278,1,0.32,2.98,0,1.594940238089657e-22,Standard / Value
Spain,Personal Care,0.8160000000000001,10,0.3,0.51,1,0.9999999961952757,Strong Premium
Germany,Food & Refreshment,9.150400000000001,1,0.31,8.17,0,1.552141166094213e-22,Standard / Value
UK,Personal Care,2.782,5,0.32,2.14,0,4.284804243751995e-09,Standard / Value
France,Personal Care,1.469,5,0.29,1.13,0,4.306682127917219e-09,Standard / Value
UK,Personal Care,8.512,9,0.32,5.32,1,0.9999911282850048,Strong Premium
Germany,Home Care,2.655,9,0.31,1.77,1,0.9999912909008495,Strong Premium
Germany,Personal Care,8.88,10,0.31,5.55,1,0.999999996093919,Strong Premium
France,Home Care,4.455,9,0.29,2.97,1,0.9999912349823051,Strong Premium
UK,Personal Care,10.634,6,0.32,8.18,0,9.441270524849017e-06,Standard / Value
Spain,Food & Refreshment,17.2672,6,0.3,13.49,0,9.181583605733304e-06,Standard / Value
Spain,Home Care,7.23,10,0.3,4.82,1,0.9999999961085564,Strong Premium
Germany,Personal Care,14.235,7,0.31,10.95,0,0.02072251363817904,Standard / Value
UK,Personal Care,17.02,3,0.32,14.8,0,7.754288534831559e-16,Standard / Value
France,Personal Care,7.0725,3,0.29,6.15,0,8.111541990549644e-16,Standard / Value
UK,Food & Refreshment,13.888,2,0.32,12.4,0,3.452807350033882e-19,Standard / Value
Spain,Food & Refreshment,12.741,10,0.3,8.22,1,0.9999999960387542,Strong Premium
UK,Home Care,13.485,9,0.32,8.99,1,0.9999909563928527,Strong Premium
Germany,Personal Care,13.5355,3,0.31,11.77,0,7.877628739738148e-16,Standard / Value
Spain,Home Care,14.751,2,0.3,13.41,0,3.434189300415283e-19,Standard / Value
UK,Personal Care,12.974,7,0.32,9.98,0,0.02082697185649601,Standard / Value
Germany,Home Care,6.862500000000001,5,0.31,5.49,0,4.210137049694738e-09,Standard / Value
Germany,Home Care,17.625,10,0.31,11.75,1,0.9999999959652115,Strong Premium
Germany,Personal Care,14.214,3,0.31,12.36,0,7.853363177665e-16,Standard / Value
Germany,Food & Refreshment,14.7095,9,0.31,9.49,1,0.9999909321488658,Strong Premium
Germany,Personal Care,6.681999999999999,6,0.31,5.14,0,9.59194406965774e-06,Standard / Value
France,Home Care,8.47,2,0.29,7.7,0,3.538048479457628e-19,Standard / Value
Germany,Food & Refreshment,9.1295,10,0.31,5.89,1,0.9999999960869685,Strong Premium
Spain,Food & Refreshment,15.9104,4,0.3,12.43,0,1.785209617092096e-12,Standard / Value
France,Personal Care,5.664000000000001,10,0.29,3.54,1,0.9999999961342723,Strong Premium
Spain,Personal Care,2.0125,2,0.3,1.75,0,3.650083977030922e-19,Standard / Value
Spain,Food & Refreshment,5.8624,4,0.3,4.58,0,1.860011959560643e-12,Standard / Value
Spain,Home Care,15.51,9,0.3,10.34,1,0.999990891185018,Strong Premium
UK,Personal Care,15.509,6,0.32,11.93,0,9.257946536931487e-06,Standard / Value
Spain,Home Care,15.975,7,0.3,12.78,0,0.02052795635430547,Standard / Value
Germany,Personal Care,14.096,8,0.31,8.81,1,0.9798650691160684,Strong Premium
France,Personal Care,12.64,9,0.29,7.9,1,0.999991006096866,Strong Premium
Spain,Personal Care,13.952,9,0.3,8.72,1,0.9999909680179528,Strong Premium
Spain,Personal Care,13.376,10,0.3,8.36,1,0.9999999960358534,Strong Premium
Spain,Home Care,10.747,2,0.3,9.77,0,3.500179246454427e-19,Standard / Value
Spain,Food & Refreshment,21.2195,10,0.3,13.69,1,0.9999999959238179,Strong Premium
UK,Personal Care,6.994,4,0.32,5.38,0,1.852480030301576e-12,Standard / Value
France,Personal Care,11.96,1,0.29,10.4,0,1.533954966736424e-22,Standard / Value
Spain,Personal Care,4.225000000000001,6,0.3,3.25,0,9.686599184526977e-06,Standard / Value
Spain,Home Care,7.546000000000001,1,0.3,6.86,0,1.562711585772282e-22,Standard / Value
UK,Home Care,17.805,8,0.32,11.87,1,0.9795482082894383,Strong Premium
Spain,Food & Refreshment,7.392,1,0.3,6.6,0,1.564837569840652e-22,Standard / Value
Germany,Food & Refreshment,3.9835,10,0.31,2.57,1,0.9999999961543127,Strong Premium
UK,Food & Refreshment,15.5776,6,0.32,12.17,0,9.246335741007017e-06,Standard / Value
France,Food & Refreshment,3.7632,1,0.29,3.36,0,1.591474574190451e-22,Standard / Value
Germany,Home Care,13.55,4,0.31,10.84,0,1.80022669005463e-12,Standard / Value
Germany,Personal Care,6.224,9,0.31,3.89,1,0.9999911938214193,Strong Premium
UK,Home Care,19.08,9,0.32,12.72,1,0.9999907782775669,Strong Premium
Germany,Food & Refreshment,16.64,4,0.31,13.0,0,1.780008453841903e-12,Standard / Value
France,Food & Refreshment,13.5968,1,0.29,12.14,0,1.520061831782205e-22,Standard / Value
Germany,Home Care,16.9125,6,0.31,13.53,0,9.180239569831695e-06,Standard / Value
UK,Personal Care,18.512,8,0.32,11.57,1,0.9795796107977535,Strong Premium
UK,Food & Refreshment,9.4592,4,0.32,7.39,0,1.833112157742654e-12,Standard / Value
Germany,Personal Care,14.352,10,0.31,8.97,1,0.9999999960234385,Strong Premium
UK,Home Care,2.057,2,0.32,1.87,0,3.648252280878004e-19,Standard / Value
UK,Food & Refreshment,22.351,10,0.32,14.42,1,0.9999999959087424,Strong Premium
UK,Food & Refreshment,9.856000000000002,1,0.32,8.8,0,1.547133574846552e-22,Standard / Value
UK,Personal Care,14.513,2,0.32,12.62,0,3.448837648729742e-19,Standard / Value
France,Home Care,14.608,3,0.29,13.28,0,7.81469343429011e-16,Standard / Value
France,Home Care,0.9875,5,0.29,0.79,0,4.314345508928267e-09,Standard / Value
France,Personal Care,7.408,9,0.29,4.63,1,0.9999911585713152,Strong Premium
UK,Food & Refreshment,4.312,2,0.32,3.85,0,3.610675775906496e-19,Standard / Value
France,Home Care,14.9875,4,0.29,11.99,0,1.789209330771475e-12,Standard / Value
Spain,Food & Refreshment,15.779,8,0.3,10.18,1,0.9797220004260662,Strong Premium
Germany,Food & Refreshment,15.7136,1,0.31,14.03,0,1.505302482612258e-22,Standard / Value
UK,Food & Refreshment,6.680499999999999,10,0.32,4.31,1,0.9999999961194073,Strong Premium
Germany,Home Care,17.6375,5,0.31,14.11,0,4.024585202427511e-09,Standard / Value
Germany,Home Care,18.105,9,0.31,12.07,1,0.9999908089900743,Strong Premium
Spain,Personal Care,7.472,8,0.3,4.67,1,0.9802865486370915,Strong Premium
UK,Food & Refreshment,15.2448,6,0.32,11.91,0,9.258914761120168e-06,Standard / Value
Germany,Home Care,2.211,1,0.31,2.01,0,1.602949813502998e-22,Standard / Value
France,Food & Refreshment,19.7005,10,0.29,12.71,1,0.9999999959443977,Strong Premium
UK,Home Care,4.362500000000001,7,0.32,3.49,0,0.02153040144194664,Standard / Value
Germany,Food & Refreshment,14.4896,6,0.31,11.32,0,9.286940102071306e-06,Standard / Value
Germany,Personal Care,7.13,3,0.31,6.2,0,8.110439511560068e-16,Standard / Value
Germany,Personal Care,7.497999999999999,3,0.31,6.52,0,8.096880012303198e-16,Standard / Value
Germany,Food & Refreshment,8.773,9,0.31,5.66,1,0.9999911119408672,Strong Premium
France,Food & Refreshment,11.129,10,0.29,7.18,1,0.9999999960599901,Strong Premium
France,Food & Refreshment,15.1296,5,0.29,11.82,0,4.072555016636835e-09,Standard / Value
France,Food & Refreshment,14.8955,10,0.29,9.61,1,0.9999999960096078,Strong Premium
Germany,Personal Care,16.307,3,0.31,14.18,0,7.77897999255225e-16,Standard / Value
Germany,Food & Refreshment,4.9135,9,0.31,3.17,1,0.9999912269125408,Strong Premium
Spain,Food & Refreshment,5.301,10,0.3,3.42,1,0.9999999961369397,Strong Premium
UK,Food & Refreshment,12.672,4,0.32,9.9,0,1.809210474848791e-12,Standard / Value
UK,Food & Refreshment,3.2928,1,0.32,2.94,0,1.595273866019663e-22,Standard / Value
Spain,Home Care,5.313000000000001,1,0.3,4.83,0,1.579387683914372e-22,Standard / Value
France,Home Care,7.8125,7,0.29,6.25,0,0.02122454661633869,Standard / Value
France,Food & Refreshment,16.3584,6,0.29,12.78,0,9.215155256984668e-06,Standard / Value
UK,Home Care,5.055,9,0.32,3.37,1,0.9999912182842183,Strong Premium
France,Food & Refreshment,17.8816,6,0.29,13.97,0,9.157993214890204e-06,Standard / Value
Spain,Personal Care,9.555,7,0.3,7.35,0,0.0211066830956304,Standard / Value
UK,Personal Care,6.198499999999999,3,0.32,5.39,0,8.145374763011907e-16,Standard / Value
Spain,Personal Care,16.307,1,0.3,14.18,0,1.504027880546679e-22,Standard / Value
Germany,Personal Care,11.216,10,0.31,7.01,1,0.9999999960639849,Strong Premium
France,Personal Care,18.902,5,0.29,14.54,0,4.015042326406473e-09,Standard / Value
UK,Home Care,11.975,4,0.32,9.58,0,1.812240282385998e-12,Standard / Value
Germany,Home Care,11.9875,7,0.31,9.59,0,0.02086731764817684,Standard / Value
UK,Home Care,2.7375,6,0.32,2.19,0,9.741659984375558e-06,Standard / Value
France,Home Care,10.197,2,0.29,9.27,0,3.50912206692471e-19,Standard / Value
Germany,Home Care,14.13,10,0.31,9.42,1,0.9999999960140706,Strong Premium
France,Food & Refreshment,10.1835,10,0.29,6.57,1,0.9999999960725374,Strong Premium
France,Home Care,13.783,1,0.29,12.53,0,1.516965156353166e-22,Standard / Value
UK,Personal Care,2.2425,3,0.32,1.95,0,8.293215419393225e-16,Standard / Value
Germany,Personal Care,14.924,5,0.31,11.48,0,4.080313926113669e-09,Standard / Value
UK,Personal Care,2.346,3,0.32,2.04,0,8.289313521990541e-16,Standard / Value
Germany,Food & Refreshment,6.784,4,0.31,5.3,0,1.853138802288089e-12,Standard / Value
UK,Personal Care,13.169,6,0.32,10.13,0,9.345493502684714e-06,Standard / Value
Germany,Personal Care,14.576,9,0.31,9.11,1,0.9999909501485641,Strong Premium
France,Personal Care,8.648,1,0.29,7.52,0,1.557230083323899e-22,Standard / Value
Spain,Personal Care,5.136,9,0.3,3.21,1,0.999991224526675,Strong Premium
Spain,Home Care,10.38,9,0.3,6.92,1,0.999991052628024,Strong Premium
UK,Personal Care,1.36,8,0.32,0.85,1,0.9806712514097303,Strong Premium
France,Food & Refreshment,16.7808,4,0.29,13.11,0,1.778761631266084e-12,Standard / Value
Germany,Personal Care,6.9575,3,0.31,6.05,0,8.116803341315831e-16,Standard / Value
UK,Home Care,10.825,4,0.32,8.66,0,1.820979271797359e-12,Standard / Value
France,Food & Refreshment,18.5472,7,0.29,14.49,0,0.02034769181424946,Standard / Value
Spain,Food & Refreshment,8.3855,10,0.3,5.41,1,0.9999999960965325,Strong Premium
Spain,Personal Care,11.531,7,0.3,8.87,0,0.02094309211600349,Standard / Value
Germany,Food & Refreshment,15.6032,5,0.31,12.19,0,4.065193689667383e-09,Standard / Value
UK,Personal Care,10.946,4,0.32,8.42,0,1.823265930538985e-12,Standard / Value
Germany,Home Care,7.512499999999999,5,0.31,6.01,0,4.198705059256256e-09,Standard / Value
Germany,Home Care,4.89,10,0.31,3.26,1,0.9999999961404125,Strong Premium
Spain,Home Care,10.362,3,0.3,9.42,0,7.974525547879894e-16,Standard / Value
Spain,Personal Care,18.416,9,0.3,11.51,1,0.9999908352884056,Strong Premium
Spain,Home Care,12.795,8,0.3,8.53,1,0.9798926982602116,Strong Premium
Germany,Home Care,4.455,1,0.31,4.05,0,1.585942002710061e-22,Standard / Value
France,Personal Care,6.552,7,0.29,5.04,0,0.02135638308191941,Standard / Value
Spain,Personal Care,22.272,9,0.3,13.92,1,0.9999907190676508,Strong Premium
Germany,Food & Refreshment,12.8512,5,0.31,10.04,0,4.111153240453214e-09,Standard / Value
Spain,Home Care,8.7,10,0.3,5.8,1,0.9999999960885642,Strong Premium
Germany,Food & Refreshment,3.6735,9,0.31,2.37,1,0.999991263534636,Strong Premium
Spain,Home Care,15.1125,7,0.3,12.09,0,0.02060062564124555,Standard / Value
France,Food & Refreshment,13.44,7,0.29,10.5,0,0.02076776468522517,Standard / Value
Spain,Food & Refreshment,10.0352,5,0.3,7.84,0,4.158458534787485e-09,Standard / Value
UK,Food & Refreshment,1.7696,3,0.32,1.58,0,8.30927585904248e-16,Standard / Value
Germany,Personal Care,0.8739999999999999,2,0.31,0.76,0,3.669258410136259e-19,Standard / Value
France,Food & Refreshment,9.4528,3,0.29,8.44,0,8.014991629994989e-16,Standard / Value
Germany,Personal Care,11.1435,2,0.31,9.69,0,3.501863501292527e-19,Standard / Value
France,Personal Care,19.279,4,0.29,14.83,0,1.762835610756603e-12,Standard / Value
UK,Home Care,7.0625,5,0.32,5.65,0,4.206880223148718e-09,Standard / Value
Spain,Food & Refreshment,4.7275,8,0.3,3.05,1,0.9804495823414275,Strong Premium
Germany,Personal Care,18.135,7,0.31,13.95,0,0.02040656226753911,Standard / Value
Spain,Personal Care,11.3275,1,0.3,9.85,0,1.538469385604402e-22,Standard / Value
Germany,Home Care,18.05,7,0.31,14.44,0,0.02035540694816983,Standard / Value
Spain,Personal Care,7.7395,3,0.3,6.73,0,8.08748631747931e-16,Standard / Value
France,Personal Care,1.518,3,0.29,1.32,0,8.319013697034465e-16,Standard / Value
France,Home Care,6.27,10,0.29,4.18,1,0.999999996121314,Strong Premium
UK,Home Care,6.587499999999999,7,0.32,5.27,0,0.0213351927510219,Standard / Value
UK,Food & Refreshment,17.2825,10,0.32,11.15,1,0.9999999959781025,Strong Premium
Spain,Home Care,8.855000000000002,3,0.3,8.05,0,8.031857204102771e-16,Standard / Value
Germany,Home Care,15.257,2,0.31,13.87,0,3.426153971738033e-19,Standard / Value
Germany,Personal Care,11.6725,2,0.31,10.15,0,3.493450568480049e-19,Standard / Value
France,Food & Refreshment,2.821,8,0.29,1.82,1,0.9805712883119941,Strong Premium
UK,Home Care,14.861,2,0.32,13.51,0,3.432824926225739e-19,Standard / Value
France,Food & Refreshment,21.39,9,0.29,13.8,1,0.999990724307159,Strong Premium
UK,Food & Refreshment,18.8672,7,0.32,14.74,0,0.02032539904172024,Standard / Value
France,Home Care,10.575,9,0.29,7.05,1,0.999991045981999,Strong Premium
Germany,Food & Refreshment,8.2615,10,0.31,5.33,1,0.9999999960984098,Strong Premium
UK,Food & Refreshment,18.8928,7,0.32,14.76,0,0.02032331674931346,Standard / Value
Germany,Food & Refreshment,5.6265,10,0.31,3.63,1,0.999999996132938,Strong Premium
UK,Personal Care,15.093,5,0.32,11.61,0,4.07779715149074e-09,Standard / Value
Germany,Food & Refreshment,18.9056,6,0.31,14.77,0,9.120909191016562e-06,Standard / Value
France,Food & Refreshment,3.0336,7,0.29,2.37,0,0.02165013512781503,Standard / Value
UK,Food & Refreshment,13.299,8,0.32,8.58,1,0.9798900199735299,Strong Premium
Germany,Food & Refreshment,7.7035,8,0.31,4.97,1,0.9802574259879921,Strong Premium
Germany,Home Care,15.375,7,0.31,12.3,0,0.02057974727150397,Standard / Value
Spain,Home Care,2.79,8,0.3,1.86,1,0.9805684990919129,Strong Premium
Germany,Personal Care,10.3385,3,0.31,8.99,0,7.992977584113833e-16,Standard / Value
Spain,Home Care,4.026000000000001,2,0.3,3.66,0,3.61381110859283e-19,Standard / Value
Germany,Food & Refreshment,1.9584,7,0.31,1.53,0,0.02174603601859904,Standard / Value
France,Food & Refreshment,4.8128,6,0.29,3.76,0,9.660195783580805e-06,Standard / Value
France,Food & Refreshment,4.2112,5,0.29,3.29,0,4.258314043683291e-09,Standard / Value
France,Food & Refreshment,2.968,3,0.29,2.65,0,8.261360049730367e-16,Standard / Value
UK,Home Care,14.993,1,0.32,13.63,0,1.508548899472379e-22,Standard / Value
Spain,Personal Care,3.302,7,0.3,2.54,0,0.02163264288572009,Standard / Value
France,Food & Refreshment,8.8576,4,0.29,6.92,0,1.837276785303458e-12,Standard / Value
Spain,Home Care,2.728,3,0.3,2.48,0,8.269225952571205e-16,Standard / Value
UK,Home Care,14.1375,4,0.32,11.31,0,1.795920603233372e-12,Standard / Value
France,Home Care,7.6125,5,0.29,6.09,0,4.196422271319891e-09,Standard / Value
Spain,Personal Care,18.85,6,0.3,14.5,0,9.133221936802829e-06,Standard / Value
France,Personal Care,13.92,10,0.29,8.7,1,0.9999999960285502,Strong Premium
UK,Food & Refreshment,0.8959999999999999,5,0.32,0.7,0,4.317189111024969e-09,Standard / Value
UK,Food & Refreshment,5.0624,3,0.32,4.52,0,8.182513840575317e-16,Standard / Value
Spain,Home Care,6.720000000000001,8,0.3,4.48,1,0.9803057386236539,Strong Premium
Germany,Food & Refreshment,8.176,3,0.31,7.3,0,8.063923629816079e-16,Standard / Value
France,Food & Refreshment,7.8585,9,0.29,5.07,1,0.9999911382063558,Strong Premium
UK,Food & Refreshment,16.2816,5,0.32,12.72,0,4.054197725778914e-09,Standard / Value
France,Personal Care,11.339,1,0.29,9.86,0,1.538292394265292e-22,Standard / Value
France,Home Care,15.631,1,0.29,14.21,0,1.503697588768157e-22,Standard / Value
France,Food & Refreshment,5.7195,10,0.29,3.69,1,0.9999999961312391,Strong Premium
Germany,Personal Care,3.072,10,0.31,1.92,1,0.9999999961673611,Strong Premium
Spain,Home Care,5.45,4,0.3,4.36,0,1.862152881417103e-12,Standard / Value
Germany,Food & Refreshment,2.6096,2,0.31,2.33,0,3.639259250125359e-19,Standard / Value
Germany,Personal Care,6.352,8,0.31,3.97,1,0.9803583666754446,Strong Premium
UK,Personal Care,2.73,5,0.32,2.1,0,4.285700534616071e-09,Standard / Value
Germany,Food & Refreshment,18.8325,8,0.31,12.15,1,0.9795175974942522,Strong Premium
France,Personal Care,8.086,7,0.29,6.22,0,0.02122780564319776,Standard / Value
France,Personal Care,7.935,3,0.29,6.9,0,8.079793290107184e-16,Standard / Value
Spain,Food & Refreshment,11.47,9,0.3,7.4,1,0.9999910301431457,Strong Premium
France,Food & Refreshment,1.736,2,0.29,1.55,0,3.653673862319889e-19,Standard / Value
Germany,Personal Care,8.429499999999999,1,0.31,7.33,0,1.558973627768377e-22,Standard / Value
Germany,Personal Care,18.707,5,0.31,14.39,0,4.018697120484704e-09,Standard / Value
France,Home Care,8.05,7,0.29,6.44,0,0.02120391747723488,Standard / Value
France,Food & Refreshment,13.392,9,0.29,8.64,1,0.9999909712287016,Strong Premium
France,Home Care,17.5625,4,0.29,14.05,0,1.77004012896845e-12,Standard / Value
Spain,Food & Refreshment,11.346,10,0.3,7.32,1,0.9999999960573522,Strong Premium
UK,Food & Refreshment,8.4864,6,0.32,6.63,0,9.518100680675183e-06,Standard / Value
Spain,Personal Care,17.52,8,0.3,10.95,1,0.979641856552151,Strong Premium
Spain,Personal Care,10.112,10,0.3,6.32,1,0.9999999960779142,Strong Premium
Germany,Home Care,1.4875,5,0.31,1.19,0,4.305871629108265e-09,Standard / Value
Spain,Personal Care,5.3935,3,0.3,4.69,0,8.174217381315887e-16,Standard / Value
Germany,Personal Care,7.085000000000001,6,0.31,5.45,0,9.576408584957457e-06,Standard / Value
France,Food & Refreshment,2.0224,6,0.29,1.58,0,9.770941868097915e-06,Standard / Value
France,Home Care,12.045,2,0.29,10.95,0,3.478430845051891e-19,Standard / Value
Spain,Home Care,1.5375,6,0.3,1.23,0,9.789454477510573e-06,Standard / Value
Spain,Home Care,11.925,5,0.3,9.54,0,4.12165707543278e-09,Standard / Value
France,Home Care,7.920000000000001,2,0.29,7.2,0,3.54731068057815e-19,Standard / Value
Germany,Home Care,7.6625,6,0.31,6.13,0,9.542418821939982e-06,Standard / Value
Spain,Home Care,4.800000000000001,8,0.3,3.2,1,0.9804345423078166,Strong Premium
Germany,Home Care,10.35,5,0.31,8.28,0,4.149162449007168e-09,Standard / Value
Germany,Food & Refreshment,5.712,2,0.31,5.1,0,3.586927658028978e-19,Standard / Value
France,Home Care,6.825,6,0.29,5.46,0,9.574705956741797e-06,Standard / Value
Spain,Home Care,2.0,6,0.3,1.6,0,9.770533285176814e-06,Standard / Value
UK,Food & Refreshment,1.848,2,0.32,1.65,0,3.652451513579628e-19,Standard / Value
Spain,Food & Refreshment,3.2,7,0.3,2.5,0,0.02163707006955448,Standard / Value
France,Home Care,12.925,6,0.29,10.34,0,9.333479692692071e-06,Standard / Value
Germany,Food & Refreshment,12.028,9,0.31,7.76,1,0.9999910138064102,Strong Premium
France,Home Care,0.8999999999999999,4,0.29,0.72,0,1.897816119944587e-12,Standard / Value
France,Food & Refreshment,2.2475,8,0.29,1.45,1,0.9806081125473749,Strong Premium
UK,Personal Care,15.488,9,0.32,9.68,1,0.9999909237052473,Strong Premium
Spain,Home Care,21.09,8,0.3,14.06,1,0.9793149906913432,Strong Premium
France,Food & Refreshment,22.072,8,0.29,14.24,1,0.9792946433818351,Strong Premium
Spain,Food & Refreshment,15.424,6,0.3,12.05,0,9.250978051796603e-06,Standard / Value
Spain,Home Care,5.709000000000001,1,0.3,5.19,0,1.576417419397906e-22,Standard / Value
Germany,Home Care,14.993,2,0.31,13.63,0,3.430456296894065e-19,Standard / Value
UK,Food & Refreshment,6.8352,7,0.32,5.34,0,0.02132755148938307,Standard / Value
UK,Home Care,12.585,10,0.32,8.39,1,0.9999999960357291,Strong Premium
Spain,Personal Care,10.4765,3,0.3,9.11,0,7.987462475839972e-16,Standard / Value
Germany,Personal Care,5.485499999999999,3,0.31,4.77,0,8.171311530218365e-16,Standard / Value
France,Food & Refreshment,0.9296000000000001,2,0.29,0.83,0,3.667455239823787e-19,Standard / Value
UK,Personal Care,16.0,10,0.32,10.0,1,0.9999999960022148,Strong Premium
Spain,Home Care,10.975,6,0.3,8.78,0,9.410515299230455e-06,Standard / Value
France,Food & Refreshment,13.8432,3,0.29,12.36,0,7.852377467604614e-16,Standard / Value
France,Food & Refreshment,1.1648,5,0.29,0.91,0,4.311639230375286e-09,Standard / Value
Germany,Food & Refreshment,11.2672,1,0.31,10.06,0,1.536877411670474e-22,Standard / Value
Germany,Food & Refreshment,9.176,9,0.31,5.92,1,0.9999910998492542,Strong Premium
